timestamp,container,cpu_pct,mem_usage_mb,mem_limit_mb,mem_pct,net_in_mb,net_out_mb
2026-03-22T16:49:25.902109Z,benchmarking-sidekiq-worker-3,0.00,0.00,0.00,0.00,0.00,0.00
2026-03-22T16:49:25.902109Z,benchmarking-sidekiq-worker-14,0.00,0.00,0.00,0.00,0.00,0.00
2026-03-22T16:49:25.902109Z,benchmarking-sidekiq-worker-12,0.00,0.00,0.00,0.00,0.00,0.00
2026-03-22T16:49:25.902109Z,benchmarking-sidekiq-worker-16,0.00,0.00,0.00,0.00,0.00,0.00
2026-03-22T16:49:25.902109Z,benchmarking-sidekiq-worker-5,0.00,0.00,0.00,0.00,0.00,0.00
2026-03-22T16:49:25.902109Z,benchmarking-sidekiq-worker-2,0.00,0.00,0.00,0.00,0.00,0.00
2026-03-22T16:49:25.902109Z,benchmarking-sidekiq-worker-11,0.00,0.00,0.00,0.00,0.00,0.00
2026-03-22T16:49:25.902109Z,benchmarking-sidekiq-worker-13,0.00,0.00,0.00,0.00,0.00,0.00
2026-03-22T16:49:25.902109Z,benchmarking-sidekiq-worker-9,0.00,0.00,0.00,0.00,0.00,0.00
2026-03-22T16:49:25.902109Z,benchmarking-sidekiq-worker-6,0.00,0.00,0.00,0.00,0.00,0.00
2026-03-22T16:49:25.902109Z,benchmarking-sidekiq-worker-1,0.00,0.00,0.00,0.00,0.00,0.00
2026-03-22T16:49:25.902109Z,benchmarking-sidekiq-worker-4,0.00,0.00,0.00,0.00,0.00,0.00
2026-03-22T16:49:25.902109Z,benchmarking-sidekiq-worker-15,0.00,0.00,0.00,0.00,0.00,0.00
2026-03-22T16:49:25.902109Z,benchmarking-sidekiq-worker-7,0.00,0.00,0.00,0.00,0.00,0.00
2026-03-22T16:49:25.902109Z,benchmarking-sidekiq-worker-8,0.00,0.00,0.00,0.00,0.00,0.00
2026-03-22T16:49:25.902109Z,benchmarking-sidekiq-worker-10,0.00,0.00,0.00,0.00,0.00,0.00
2026-03-22T16:49:25.902109Z,benchmarking-redis-1,0.06,10.20,7836.67,0.13,41.40,38.30
2026-03-22T16:49:25.902109Z,benchmarking-metrics-redis-1,0.09,10.66,7836.67,0.14,143.00,99.30
2026-03-22T16:49:25.902109Z,benchmarking-kafka-1,5.04,1106.94,7836.67,14.13,73.80,60.40
2026-03-22T16:49:25.902109Z,benchmarking-stub-server-1,0.01,13.89,7836.67,0.18,0.24,0.00
2026-03-22T16:49:28.924325Z,benchmarking-kafka-consumer-19,104.92,32.93,7836.67,0.42,3.29,2.57
2026-03-22T16:49:28.924325Z,benchmarking-redis-1,0.05,10.20,7836.67,0.13,41.40,38.30
2026-03-22T16:49:28.924325Z,benchmarking-metrics-redis-1,4.52,10.91,7836.67,0.14,145.00,99.70
2026-03-22T16:49:28.924325Z,benchmarking-kafka-1,21.61,1112.06,7836.67,14.19,77.10,63.40
2026-03-22T16:49:28.924325Z,benchmarking-stub-server-1,0.00,13.89,7836.67,0.18,0.24,0.00
2026-03-22T16:49:32.004247Z,benchmarking-orchestrator-run-85033e2cd6c5,0.06,32.86,7836.67,0.42,0.03,2.59
2026-03-22T16:49:32.004247Z,benchmarking-kafka-consumer-19,104.16,33.42,7836.67,0.43,4.67,7.89
2026-03-22T16:49:32.004247Z,benchmarking-redis-1,0.04,9.98,7836.67,0.13,41.40,38.30
2026-03-22T16:49:32.004247Z,benchmarking-metrics-redis-1,4.35,13.24,7836.67,0.17,149.00,100.00
2026-03-22T16:49:32.004247Z,benchmarking-kafka-1,35.93,1114.11,7836.67,14.22,77.90,63.80
2026-03-22T16:49:32.004247Z,benchmarking-stub-server-1,0.00,13.89,7836.67,0.18,0.24,0.00
2026-03-22T16:49:38.199521Z,benchmarking-orchestrator-run-fed4848aeaaa,0.34,32.31,7836.67,0.41,0.01,0.13
2026-03-22T16:49:38.199521Z,benchmarking-kafka-consumer-19,0.07,27.27,7836.67,0.35,0.01,0.00
2026-03-22T16:49:38.199521Z,benchmarking-redis-1,0.29,9.98,7836.67,0.13,41.40,38.30
2026-03-22T16:49:38.199521Z,benchmarking-metrics-redis-1,0.33,10.14,7836.67,0.13,150.00,104.00
2026-03-22T16:49:38.199521Z,benchmarking-kafka-1,1.99,1113.09,7836.67,14.21,78.60,64.10
2026-03-22T16:49:38.199521Z,benchmarking-stub-server-1,0.01,13.89,7836.67,0.18,0.24,0.00
2026-03-22T16:49:41.332870Z,benchmarking-orchestrator-run-fed4848aeaaa,0.28,32.30,7836.67,0.41,0.01,0.14
2026-03-22T16:49:41.332870Z,benchmarking-kafka-consumer-19,0.05,27.27,7836.67,0.35,0.01,0.00
2026-03-22T16:49:41.332870Z,benchmarking-redis-1,0.22,10.45,7836.67,0.13,41.40,38.30
2026-03-22T16:49:41.332870Z,benchmarking-metrics-redis-1,0.32,10.14,7836.67,0.13,150.00,104.00
2026-03-22T16:49:41.332870Z,benchmarking-kafka-1,1.80,1113.09,7836.67,14.21,78.60,64.10
2026-03-22T16:49:41.332870Z,benchmarking-stub-server-1,0.02,13.89,7836.67,0.18,0.24,0.00
2026-03-22T16:49:44.482755Z,benchmarking-orchestrator-run-fed4848aeaaa,0.42,32.31,7836.67,0.41,0.01,0.14
2026-03-22T16:49:44.482755Z,benchmarking-kafka-consumer-19,0.07,27.27,7836.67,0.35,0.01,0.00
2026-03-22T16:49:44.482755Z,benchmarking-redis-1,0.25,9.95,7836.67,0.13,41.40,38.30
2026-03-22T16:49:44.482755Z,benchmarking-metrics-redis-1,0.37,10.39,7836.67,0.13,150.00,104.00
2026-03-22T16:49:44.482755Z,benchmarking-kafka-1,1.63,1113.09,7836.67,14.21,78.60,64.10
2026-03-22T16:49:44.482755Z,benchmarking-stub-server-1,0.03,13.89,7836.67,0.18,0.24,0.00
2026-03-22T16:49:47.636531Z,benchmarking-orchestrator-run-fed4848aeaaa,0.40,32.30,7836.67,0.41,0.01,0.14
2026-03-22T16:49:47.636531Z,benchmarking-kafka-consumer-19,0.09,27.27,7836.67,0.35,0.01,0.00
2026-03-22T16:49:47.636531Z,benchmarking-redis-1,0.26,9.95,7836.67,0.13,41.40,38.30
2026-03-22T16:49:47.636531Z,benchmarking-metrics-redis-1,0.34,10.39,7836.67,0.13,150.00,104.00
2026-03-22T16:49:47.636531Z,benchmarking-kafka-1,2.27,1113.09,7836.67,14.21,78.60,64.10
2026-03-22T16:49:47.636531Z,benchmarking-stub-server-1,0.01,13.89,7836.67,0.18,0.24,0.00
2026-03-22T16:49:50.783552Z,benchmarking-orchestrator-run-fed4848aeaaa,0.36,32.31,7836.67,0.41,0.01,0.15
2026-03-22T16:49:50.783552Z,benchmarking-kafka-consumer-19,0.07,27.27,7836.67,0.35,0.01,0.00
2026-03-22T16:49:50.783552Z,benchmarking-redis-1,0.27,10.45,7836.67,0.13,41.40,38.30
2026-03-22T16:49:50.783552Z,benchmarking-metrics-redis-1,0.33,10.14,7836.67,0.13,150.00,104.00
2026-03-22T16:49:50.783552Z,benchmarking-kafka-1,1.86,1113.09,7836.67,14.21,78.60,64.10
2026-03-22T16:49:50.783552Z,benchmarking-stub-server-1,0.02,13.89,7836.67,0.18,0.24,0.00
2026-03-22T16:49:53.928136Z,benchmarking-orchestrator-run-fed4848aeaaa,0.42,32.30,7836.67,0.41,0.01,0.15
2026-03-22T16:49:53.928136Z,benchmarking-kafka-consumer-19,0.07,27.27,7836.67,0.35,0.01,0.00
2026-03-22T16:49:53.928136Z,benchmarking-redis-1,0.26,10.45,7836.67,0.13,41.40,38.30
2026-03-22T16:49:53.928136Z,benchmarking-metrics-redis-1,0.43,10.39,7836.67,0.13,150.00,104.00
2026-03-22T16:49:53.928136Z,benchmarking-kafka-1,1.89,1114.11,7836.67,14.21,78.60,64.10
2026-03-22T16:49:53.928136Z,benchmarking-stub-server-1,0.03,13.89,7836.67,0.18,0.24,0.00
2026-03-22T16:49:57.075678Z,benchmarking-orchestrator-run-fed4848aeaaa,0.32,32.30,7836.67,0.41,0.01,0.15
2026-03-22T16:49:57.075678Z,benchmarking-kafka-consumer-19,0.06,27.27,7836.67,0.35,0.01,0.00
2026-03-22T16:49:57.075678Z,benchmarking-redis-1,0.17,9.95,7836.67,0.13,41.40,38.30
2026-03-22T16:49:57.075678Z,benchmarking-metrics-redis-1,0.37,10.39,7836.67,0.13,150.00,104.00
2026-03-22T16:49:57.075678Z,benchmarking-kafka-1,2.23,1114.11,7836.67,14.21,78.60,64.10
2026-03-22T16:49:57.075678Z,benchmarking-stub-server-1,0.02,13.89,7836.67,0.18,0.24,0.00
2026-03-22T16:50:00.132318Z,benchmarking-orchestrator-run-fed4848aeaaa,0.34,32.30,7836.67,0.41,0.01,0.15
2026-03-22T16:50:00.132318Z,benchmarking-kafka-consumer-19,0.06,27.27,7836.67,0.35,0.01,0.00
2026-03-22T16:50:00.132318Z,benchmarking-redis-1,0.23,10.20,7836.67,0.13,41.40,38.30
2026-03-22T16:50:00.132318Z,benchmarking-metrics-redis-1,0.31,10.14,7836.67,0.13,150.00,104.00
2026-03-22T16:50:00.132318Z,benchmarking-kafka-1,1.87,1113.09,7836.67,14.21,78.60,64.10
2026-03-22T16:50:00.132318Z,benchmarking-stub-server-1,0.02,13.89,7836.67,0.18,0.24,0.00
2026-03-22T16:50:03.275562Z,benchmarking-orchestrator-run-fed4848aeaaa,0.38,32.31,7836.67,0.41,0.01,0.16
2026-03-22T16:50:03.275562Z,benchmarking-kafka-consumer-19,0.08,27.27,7836.67,0.35,0.01,0.00
2026-03-22T16:50:03.275562Z,benchmarking-redis-1,0.26,9.95,7836.67,0.13,41.40,38.30
2026-03-22T16:50:03.275562Z,benchmarking-metrics-redis-1,0.39,10.39,7836.67,0.13,150.00,104.00
2026-03-22T16:50:03.275562Z,benchmarking-kafka-1,1.99,1113.09,7836.67,14.21,78.60,64.10
2026-03-22T16:50:03.275562Z,benchmarking-stub-server-1,0.02,13.89,7836.67,0.18,0.24,0.00
2026-03-22T16:50:06.420851Z,benchmarking-orchestrator-run-fed4848aeaaa,0.26,32.31,7836.67,0.41,0.02,0.16
2026-03-22T16:50:06.420851Z,benchmarking-kafka-consumer-19,0.04,27.27,7836.67,0.35,0.01,0.00
2026-03-22T16:50:06.420851Z,benchmarking-redis-1,0.15,9.95,7836.67,0.13,41.40,38.30
2026-03-22T16:50:06.420851Z,benchmarking-metrics-redis-1,0.20,10.39,7836.67,0.13,150.00,104.00
2026-03-22T16:50:06.420851Z,benchmarking-kafka-1,1.33,1113.09,7836.67,14.21,78.60,64.10
2026-03-22T16:50:06.420851Z,benchmarking-stub-server-1,0.02,13.89,7836.67,0.18,0.24,0.00
2026-03-22T16:50:09.491363Z,benchmarking-orchestrator-run-fed4848aeaaa,0.40,32.30,7836.67,0.41,0.02,0.16
2026-03-22T16:50:09.491363Z,benchmarking-kafka-consumer-19,0.06,27.27,7836.67,0.35,0.01,0.00
2026-03-22T16:50:09.491363Z,benchmarking-redis-1,0.79,10.21,7836.67,0.13,41.40,38.30
2026-03-22T16:50:09.491363Z,benchmarking-metrics-redis-1,0.36,10.39,7836.67,0.13,150.00,104.00
2026-03-22T16:50:09.491363Z,benchmarking-kafka-1,2.06,1113.09,7836.67,14.21,78.60,64.10
2026-03-22T16:50:09.491363Z,benchmarking-stub-server-1,0.02,13.89,7836.67,0.18,0.24,0.00
2026-03-22T16:50:12.650488Z,benchmarking-orchestrator-run-fed4848aeaaa,0.39,32.30,7836.67,0.41,0.02,0.16
2026-03-22T16:50:12.650488Z,benchmarking-kafka-consumer-19,0.06,27.27,7836.67,0.35,0.01,0.00
2026-03-22T16:50:12.650488Z,benchmarking-redis-1,0.18,10.20,7836.67,0.13,41.40,38.30
2026-03-22T16:50:12.650488Z,benchmarking-metrics-redis-1,0.34,10.14,7836.67,0.13,150.00,104.00
2026-03-22T16:50:12.650488Z,benchmarking-kafka-1,1.93,1113.09,7836.67,14.21,78.60,64.10
2026-03-22T16:50:12.650488Z,benchmarking-stub-server-1,0.04,13.89,7836.67,0.18,0.24,0.00
2026-03-22T16:50:15.801557Z,benchmarking-orchestrator-run-fed4848aeaaa,0.44,32.31,7836.67,0.41,0.02,0.17
2026-03-22T16:50:15.801557Z,benchmarking-kafka-consumer-19,0.06,27.27,7836.67,0.35,0.01,0.00
2026-03-22T16:50:15.801557Z,benchmarking-redis-1,0.24,10.20,7836.67,0.13,41.40,38.30
2026-03-22T16:50:15.801557Z,benchmarking-metrics-redis-1,0.38,10.39,7836.67,0.13,150.00,104.00
2026-03-22T16:50:15.801557Z,benchmarking-kafka-1,2.00,1113.09,7836.67,14.21,78.60,64.10
2026-03-22T16:50:15.801557Z,benchmarking-stub-server-1,0.02,13.89,7836.67,0.18,0.24,0.00
2026-03-22T16:50:18.847279Z,benchmarking-orchestrator-run-fed4848aeaaa,3.82,32.95,7836.67,0.42,0.04,2.62
2026-03-22T16:50:18.847279Z,benchmarking-kafka-consumer-19,99.23,32.91,7836.67,0.42,3.06,1.72
2026-03-22T16:50:18.847279Z,benchmarking-redis-1,0.05,9.95,7836.67,0.13,41.40,38.30
2026-03-22T16:50:18.847279Z,benchmarking-metrics-redis-1,4.22,10.24,7836.67,0.13,151.00,104.00
2026-03-22T16:50:18.847279Z,benchmarking-kafka-1,27.02,1118.21,7836.67,14.27,81.50,67.00
2026-03-22T16:50:18.847279Z,benchmarking-stub-server-1,0.00,13.89,7836.67,0.18,0.24,0.00
2026-03-22T16:50:21.942558Z,benchmarking-orchestrator-run-fed4848aeaaa,0.05,32.95,7836.67,0.42,0.04,2.63
2026-03-22T16:50:21.942558Z,benchmarking-kafka-consumer-19,104.30,33.16,7836.67,0.42,4.01,5.38
2026-03-22T16:50:21.942558Z,benchmarking-redis-1,0.03,9.95,7836.67,0.13,41.40,38.30
2026-03-22T16:50:21.942558Z,benchmarking-metrics-redis-1,4.47,12.54,7836.67,0.16,155.00,105.00
2026-03-22T16:50:21.942558Z,benchmarking-kafka-1,20.60,1119.23,7836.67,14.28,82.70,67.70
2026-03-22T16:50:21.942558Z,benchmarking-stub-server-1,0.00,13.89,7836.67,0.18,0.24,0.00
2026-03-22T16:50:28.176072Z,benchmarking-orchestrator-run-6077366e12b6,0.34,32.32,7836.67,0.41,0.01,0.13
2026-03-22T16:50:28.176072Z,benchmarking-kafka-consumer-19,0.09,27.27,7836.67,0.35,0.01,0.00
2026-03-22T16:50:28.176072Z,benchmarking-redis-1,0.30,9.95,7836.67,0.13,41.40,38.30
2026-03-22T16:50:28.176072Z,benchmarking-metrics-redis-1,0.29,10.14,7836.67,0.13,156.00,109.00
2026-03-22T16:50:28.176072Z,benchmarking-kafka-1,2.44,1113.09,7836.67,14.21,83.20,67.90
2026-03-22T16:50:28.176072Z,benchmarking-stub-server-1,0.02,13.89,7836.67,0.18,0.24,0.00
2026-03-22T16:50:31.315534Z,benchmarking-orchestrator-run-6077366e12b6,0.37,32.32,7836.67,0.41,0.01,0.14
2026-03-22T16:50:31.315534Z,benchmarking-kafka-consumer-19,0.07,27.27,7836.67,0.35,0.01,0.00
2026-03-22T16:50:31.315534Z,benchmarking-redis-1,0.26,9.95,7836.67,0.13,41.40,38.30
2026-03-22T16:50:31.315534Z,benchmarking-metrics-redis-1,0.33,10.39,7836.67,0.13,156.00,109.00
2026-03-22T16:50:31.315534Z,benchmarking-kafka-1,1.79,1113.09,7836.67,14.21,83.20,67.90
2026-03-22T16:50:31.315534Z,benchmarking-stub-server-1,0.02,13.89,7836.67,0.18,0.24,0.00
2026-03-22T16:50:34.461755Z,benchmarking-orchestrator-run-6077366e12b6,0.37,32.32,7836.67,0.41,0.01,0.14
2026-03-22T16:50:34.461755Z,benchmarking-kafka-consumer-19,0.06,27.27,7836.67,0.35,0.01,0.00
2026-03-22T16:50:34.461755Z,benchmarking-redis-1,0.22,9.95,7836.67,0.13,41.40,38.30
2026-03-22T16:50:34.461755Z,benchmarking-metrics-redis-1,0.28,10.14,7836.67,0.13,156.00,109.00
2026-03-22T16:50:34.461755Z,benchmarking-kafka-1,4.23,1108.99,7836.67,14.16,83.20,67.90
2026-03-22T16:50:34.461755Z,benchmarking-stub-server-1,0.02,13.89,7836.67,0.18,0.24,0.00
2026-03-22T16:50:37.617923Z,benchmarking-orchestrator-run-6077366e12b6,0.43,32.31,7836.67,0.41,0.01,0.14
2026-03-22T16:50:37.617923Z,benchmarking-kafka-consumer-19,0.06,27.27,7836.67,0.35,0.01,0.00
2026-03-22T16:50:37.617923Z,benchmarking-redis-1,0.20,9.95,7836.67,0.13,41.40,38.30
2026-03-22T16:50:37.617923Z,benchmarking-metrics-redis-1,0.33,10.14,7836.67,0.13,156.00,109.00
2026-03-22T16:50:37.617923Z,benchmarking-kafka-1,2.06,1108.99,7836.67,14.15,83.20,67.90
2026-03-22T16:50:37.617923Z,benchmarking-stub-server-1,0.02,13.89,7836.67,0.18,0.24,0.00
2026-03-22T16:50:40.764825Z,benchmarking-orchestrator-run-6077366e12b6,0.40,32.31,7836.67,0.41,0.01,0.15
2026-03-22T16:50:40.764825Z,benchmarking-kafka-consumer-19,0.06,27.27,7836.67,0.35,0.01,0.00
2026-03-22T16:50:40.764825Z,benchmarking-redis-1,0.20,10.20,7836.67,0.13,41.40,38.30
2026-03-22T16:50:40.764825Z,benchmarking-metrics-redis-1,0.30,10.39,7836.67,0.13,156.00,109.00
2026-03-22T16:50:40.764825Z,benchmarking-kafka-1,1.73,1108.99,7836.67,14.15,83.20,67.90
2026-03-22T16:50:40.764825Z,benchmarking-stub-server-1,0.02,13.89,7836.67,0.18,0.24,0.00
2026-03-22T16:50:43.909127Z,benchmarking-orchestrator-run-6077366e12b6,0.41,32.31,7836.67,0.41,0.01,0.15
2026-03-22T16:50:43.909127Z,benchmarking-kafka-consumer-19,0.06,27.27,7836.67,0.35,0.01,0.00
2026-03-22T16:50:43.909127Z,benchmarking-redis-1,0.20,9.95,7836.67,0.13,41.40,38.30
2026-03-22T16:50:43.909127Z,benchmarking-metrics-redis-1,0.34,10.39,7836.67,0.13,156.00,109.00
2026-03-22T16:50:43.909127Z,benchmarking-kafka-1,1.98,1108.99,7836.67,14.16,83.20,67.90
2026-03-22T16:50:43.909127Z,benchmarking-stub-server-1,0.02,13.89,7836.67,0.18,0.24,0.00
2026-03-22T16:50:47.059172Z,benchmarking-orchestrator-run-6077366e12b6,0.31,32.31,7836.67,0.41,0.01,0.15
2026-03-22T16:50:47.059172Z,benchmarking-kafka-consumer-19,0.04,27.27,7836.67,0.35,0.01,0.00
2026-03-22T16:50:47.059172Z,benchmarking-redis-1,0.15,10.20,7836.67,0.13,41.40,38.30
2026-03-22T16:50:47.059172Z,benchmarking-metrics-redis-1,0.25,10.39,7836.67,0.13,156.00,109.00
2026-03-22T16:50:47.059172Z,benchmarking-kafka-1,1.95,1108.99,7836.67,14.15,83.20,67.90
2026-03-22T16:50:47.059172Z,benchmarking-stub-server-1,0.01,13.89,7836.67,0.18,0.24,0.00
2026-03-22T16:50:50.122100Z,benchmarking-orchestrator-run-6077366e12b6,0.40,32.31,7836.67,0.41,0.01,0.15
2026-03-22T16:50:50.122100Z,benchmarking-kafka-consumer-19,0.06,27.27,7836.67,0.35,0.01,0.00
2026-03-22T16:50:50.122100Z,benchmarking-redis-1,0.18,9.95,7836.67,0.13,41.40,38.30
2026-03-22T16:50:50.122100Z,benchmarking-metrics-redis-1,0.61,10.15,7836.67,0.13,156.00,109.00
2026-03-22T16:50:50.122100Z,benchmarking-kafka-1,1.63,1108.99,7836.67,14.15,83.20,67.90
2026-03-22T16:50:50.122100Z,benchmarking-stub-server-1,0.02,13.89,7836.67,0.18,0.24,0.00
2026-03-22T16:50:53.260736Z,benchmarking-orchestrator-run-6077366e12b6,0.41,32.31,7836.67,0.41,0.01,0.16
2026-03-22T16:50:53.260736Z,benchmarking-kafka-consumer-19,0.06,27.27,7836.67,0.35,0.01,0.00
2026-03-22T16:50:53.260736Z,benchmarking-redis-1,0.25,10.45,7836.67,0.13,41.40,38.30
2026-03-22T16:50:53.260736Z,benchmarking-metrics-redis-1,0.33,10.39,7836.67,0.13,156.00,109.00
2026-03-22T16:50:53.260736Z,benchmarking-kafka-1,1.77,1108.99,7836.67,14.15,83.20,67.90
2026-03-22T16:50:53.260736Z,benchmarking-stub-server-1,0.03,13.89,7836.67,0.18,0.24,0.00
2026-03-22T16:50:56.402973Z,benchmarking-orchestrator-run-6077366e12b6,0.32,32.32,7836.67,0.41,0.01,0.16
2026-03-22T16:50:56.402973Z,benchmarking-kafka-consumer-19,0.04,27.27,7836.67,0.35,0.01,0.00
2026-03-22T16:50:56.402973Z,benchmarking-redis-1,0.18,9.95,7836.67,0.13,41.40,38.30
2026-03-22T16:50:56.402973Z,benchmarking-metrics-redis-1,0.23,10.14,7836.67,0.13,156.00,109.00
2026-03-22T16:50:56.402973Z,benchmarking-kafka-1,1.56,1108.99,7836.67,14.15,83.20,67.90
2026-03-22T16:50:56.402973Z,benchmarking-stub-server-1,0.02,13.89,7836.67,0.18,0.24,0.00
2026-03-22T16:50:59.469978Z,benchmarking-orchestrator-run-6077366e12b6,0.43,32.31,7836.67,0.41,0.02,0.16
2026-03-22T16:50:59.469978Z,benchmarking-kafka-consumer-19,0.07,27.27,7836.67,0.35,0.01,0.00
2026-03-22T16:50:59.469978Z,benchmarking-redis-1,0.23,10.45,7836.67,0.13,41.40,38.30
2026-03-22T16:50:59.469978Z,benchmarking-metrics-redis-1,0.30,10.39,7836.67,0.13,156.00,109.00
2026-03-22T16:50:59.469978Z,benchmarking-kafka-1,1.62,1108.99,7836.67,14.15,83.20,67.90
2026-03-22T16:50:59.469978Z,benchmarking-stub-server-1,0.02,13.89,7836.67,0.18,0.24,0.00
2026-03-22T16:51:02.616232Z,benchmarking-orchestrator-run-6077366e12b6,0.41,32.32,7836.67,0.41,0.02,0.16
2026-03-22T16:51:02.616232Z,benchmarking-kafka-consumer-19,0.06,27.27,7836.67,0.35,0.01,0.00
2026-03-22T16:51:02.616232Z,benchmarking-redis-1,0.23,10.20,7836.67,0.13,41.40,38.30
2026-03-22T16:51:02.616232Z,benchmarking-metrics-redis-1,0.34,10.64,7836.67,0.14,156.00,109.00
2026-03-22T16:51:02.616232Z,benchmarking-kafka-1,2.03,1108.99,7836.67,14.15,83.20,67.90
2026-03-22T16:51:02.616232Z,benchmarking-stub-server-1,0.02,13.89,7836.67,0.18,0.24,0.00
2026-03-22T16:51:05.760101Z,benchmarking-orchestrator-run-6077366e12b6,0.41,32.31,7836.67,0.41,0.02,0.17
2026-03-22T16:51:05.760101Z,benchmarking-kafka-consumer-19,0.06,27.27,7836.67,0.35,0.01,0.00
2026-03-22T16:51:05.760101Z,benchmarking-redis-1,0.21,10.20,7836.67,0.13,41.40,38.30
2026-03-22T16:51:05.760101Z,benchmarking-metrics-redis-1,0.33,10.39,7836.67,0.13,156.00,109.00
2026-03-22T16:51:05.760101Z,benchmarking-kafka-1,1.93,1108.99,7836.67,14.15,83.20,67.90
2026-03-22T16:51:05.760101Z,benchmarking-stub-server-1,0.02,13.89,7836.67,0.18,0.24,0.00
2026-03-22T16:51:08.808613Z,benchmarking-orchestrator-run-6077366e12b6,3.98,32.83,7836.67,0.42,0.04,2.62
2026-03-22T16:51:08.808613Z,benchmarking-kafka-consumer-19,95.62,33.18,7836.67,0.42,3.07,1.74
2026-03-22T16:51:08.808613Z,benchmarking-redis-1,0.04,9.95,7836.67,0.13,41.40,38.30
2026-03-22T16:51:08.808613Z,benchmarking-metrics-redis-1,3.73,10.25,7836.67,0.13,158.00,109.00
2026-03-22T16:51:08.808613Z,benchmarking-kafka-1,38.40,1117.18,7836.67,14.26,86.10,70.70
2026-03-22T16:51:08.808613Z,benchmarking-stub-server-1,0.00,13.89,7836.67,0.18,0.24,0.00
2026-03-22T16:51:11.889267Z,benchmarking-orchestrator-run-6077366e12b6,0.05,32.83,7836.67,0.42,0.04,2.63
2026-03-22T16:51:11.889267Z,benchmarking-kafka-consumer-19,104.83,32.93,7836.67,0.42,4.53,7.36
2026-03-22T16:51:11.889267Z,benchmarking-redis-1,0.03,9.95,7836.67,0.13,41.40,38.30
2026-03-22T16:51:11.889267Z,benchmarking-metrics-redis-1,4.21,12.87,7836.67,0.16,162.00,110.00
2026-03-22T16:51:11.889267Z,benchmarking-kafka-1,20.77,1117.18,7836.67,14.26,87.40,71.40
2026-03-22T16:51:11.889267Z,benchmarking-stub-server-1,0.00,13.89,7836.67,0.18,0.24,0.00
2026-03-22T16:51:18.067010Z,benchmarking-orchestrator-run-e8946132a68b,0.05,31.70,7836.67,0.40,0.75,5.34
2026-03-22T16:51:18.067010Z,benchmarking-sidekiq-worker-9,94.02,25.56,7836.67,0.33,1.61,1.89
2026-03-22T16:51:18.067010Z,benchmarking-redis-1,2.44,13.31,7836.67,0.17,47.00,40.40
2026-03-22T16:51:18.067010Z,benchmarking-metrics-redis-1,2.07,10.46,7836.67,0.13,164.00,114.00
2026-03-22T16:51:18.067010Z,benchmarking-kafka-1,0.35,1116.16,7836.67,14.25,87.70,71.60
2026-03-22T16:51:18.067010Z,benchmarking-stub-server-1,0.00,13.89,7836.67,0.18,0.24,0.00
2026-03-22T16:51:21.145679Z,benchmarking-orchestrator-run-e8946132a68b,0.05,31.70,7836.67,0.40,0.75,5.34
2026-03-22T16:51:21.145679Z,benchmarking-sidekiq-worker-9,93.94,25.56,7836.67,0.33,3.73,4.38
2026-03-22T16:51:21.145679Z,benchmarking-redis-1,2.43,13.31,7836.67,0.17,47.40,42.10
2026-03-22T16:51:21.145679Z,benchmarking-metrics-redis-1,2.06,11.79,7836.67,0.15,167.00,114.00
2026-03-22T16:51:21.145679Z,benchmarking-kafka-1,0.31,1116.16,7836.67,14.25,87.70,71.60
2026-03-22T16:51:21.145679Z,benchmarking-stub-server-1,0.01,13.89,7836.67,0.18,0.24,0.00
2026-03-22T16:51:24.221296Z,benchmarking-orchestrator-run-e8946132a68b,0.05,31.70,7836.67,0.40,0.75,5.34
2026-03-22T16:51:24.221296Z,benchmarking-sidekiq-worker-9,94.04,25.56,7836.67,0.33,5.85,6.86
2026-03-22T16:51:24.221296Z,benchmarking-redis-1,2.38,13.80,7836.67,0.18,47.80,43.90
2026-03-22T16:51:24.221296Z,benchmarking-metrics-redis-1,2.07,12.85,7836.67,0.16,169.00,114.00
2026-03-22T16:51:24.221296Z,benchmarking-kafka-1,0.33,1117.18,7836.67,14.25,87.70,71.60
2026-03-22T16:51:24.221296Z,benchmarking-stub-server-1,0.00,13.89,7836.67,0.18,0.24,0.00
2026-03-22T16:51:30.381868Z,benchmarking-orchestrator-run-a9a380aeb9ed,0.05,31.70,7836.67,0.40,0.75,5.34
2026-03-22T16:51:30.381868Z,benchmarking-sidekiq-worker-9,94.17,25.74,7836.67,0.33,1.40,1.65
2026-03-22T16:51:30.381868Z,benchmarking-redis-1,2.41,13.63,7836.67,0.17,53.60,46.80
2026-03-22T16:51:30.381868Z,benchmarking-metrics-redis-1,2.11,10.72,7836.67,0.14,171.00,118.00
2026-03-22T16:51:30.381868Z,benchmarking-kafka-1,0.57,1112.06,7836.67,14.19,87.70,71.60
2026-03-22T16:51:30.381868Z,benchmarking-stub-server-1,0.00,13.89,7836.67,0.18,0.24,0.00
2026-03-22T16:51:33.458432Z,benchmarking-orchestrator-run-a9a380aeb9ed,0.06,31.70,7836.67,0.40,0.75,5.34
2026-03-22T16:51:33.458432Z,benchmarking-sidekiq-worker-9,88.60,25.74,7836.67,0.33,4.20,4.93
2026-03-22T16:51:33.458432Z,benchmarking-redis-1,2.31,13.88,7836.67,0.18,54.00,48.50
2026-03-22T16:51:33.458432Z,benchmarking-metrics-redis-1,2.04,12.08,7836.67,0.15,173.00,119.00
2026-03-22T16:51:33.458432Z,benchmarking-kafka-1,0.42,1112.06,7836.67,14.19,87.70,71.60
2026-03-22T16:51:33.458432Z,benchmarking-stub-server-1,0.01,13.89,7836.67,0.18,0.24,0.00
2026-03-22T16:51:36.531584Z,benchmarking-orchestrator-run-a9a380aeb9ed,0.06,31.70,7836.67,0.40,0.75,5.34
2026-03-22T16:51:36.531584Z,benchmarking-sidekiq-worker-9,92.91,25.74,7836.67,0.33,6.28,7.36
2026-03-22T16:51:36.531584Z,benchmarking-redis-1,2.38,13.88,7836.67,0.18,54.20,49.70
2026-03-22T16:51:36.531584Z,benchmarking-metrics-redis-1,2.19,13.34,7836.67,0.17,175.00,119.00
2026-03-22T16:51:36.531584Z,benchmarking-kafka-1,0.41,1112.06,7836.67,14.19,87.70,71.60
2026-03-22T16:51:36.531584Z,benchmarking-stub-server-1,0.01,13.89,7836.67,0.18,0.24,0.00
2026-03-22T16:51:39.548884Z,benchmarking-redis-1,10.22,12.54,7836.67,0.16,56.80,51.00
2026-03-22T16:51:39.548884Z,benchmarking-metrics-redis-1,1.71,10.64,7836.67,0.14,176.00,123.00
2026-03-22T16:51:39.548884Z,benchmarking-kafka-1,0.40,1112.06,7836.67,14.19,87.70,71.60
2026-03-22T16:51:39.548884Z,benchmarking-stub-server-1,0.01,13.89,7836.67,0.18,0.24,0.00
2026-03-22T16:51:42.628443Z,benchmarking-orchestrator-run-5759ec403df2,0.06,31.73,7836.67,0.40,0.75,5.34
2026-03-22T16:51:42.628443Z,benchmarking-sidekiq-worker-9,89.08,25.71,7836.67,0.33,2.54,2.98
2026-03-22T16:51:42.628443Z,benchmarking-redis-1,2.27,13.63,7836.67,0.17,60.20,53.10
2026-03-22T16:51:42.628443Z,benchmarking-metrics-redis-1,2.10,10.96,7836.67,0.14,178.00,123.00
2026-03-22T16:51:42.628443Z,benchmarking-kafka-1,0.49,1112.06,7836.67,14.19,87.70,71.60
2026-03-22T16:51:42.628443Z,benchmarking-stub-server-1,0.01,13.89,7836.67,0.18,0.24,0.00
2026-03-22T16:51:45.706434Z,benchmarking-orchestrator-run-5759ec403df2,0.05,31.73,7836.67,0.40,0.75,5.34
2026-03-22T16:51:45.706434Z,benchmarking-sidekiq-worker-9,94.03,25.70,7836.67,0.33,4.61,5.41
2026-03-22T16:51:45.706434Z,benchmarking-redis-1,2.29,13.19,7836.67,0.17,60.50,54.80
2026-03-22T16:51:45.706434Z,benchmarking-metrics-redis-1,2.14,12.07,7836.67,0.15,180.00,123.00
2026-03-22T16:51:45.706434Z,benchmarking-kafka-1,0.34,1112.06,7836.67,14.19,87.70,71.60
2026-03-22T16:51:45.706434Z,benchmarking-stub-server-1,0.01,13.89,7836.67,0.18,0.24,0.00
2026-03-22T16:51:48.723611Z,benchmarking-orchestrator-run-5759ec403df2,18.21,46.88,7836.67,0.60,4.21,5.34
2026-03-22T16:51:48.723611Z,benchmarking-sidekiq-worker-9,55.21,25.71,7836.67,0.33,6.34,7.44
2026-03-22T16:51:48.723611Z,benchmarking-redis-1,1.55,12.94,7836.67,0.17,60.90,56.30
2026-03-22T16:51:48.723611Z,benchmarking-metrics-redis-1,2.05,16.02,7836.67,0.20,182.00,127.00
2026-03-22T16:51:48.723611Z,benchmarking-kafka-1,0.50,1112.06,7836.67,14.19,87.70,71.60
2026-03-22T16:51:48.723611Z,benchmarking-stub-server-1,0.01,13.89,7836.67,0.18,0.24,0.00
2026-03-22T16:51:54.950818Z,benchmarking-orchestrator-run-2b5917e1ecf3,0.34,32.33,7836.67,0.41,0.01,0.14
2026-03-22T16:51:54.950818Z,benchmarking-kafka-consumer-19,0.18,29.88,7836.67,0.38,0.02,0.01
2026-03-22T16:51:54.950818Z,benchmarking-redis-1,0.25,13.18,7836.67,0.17,60.90,56.30
2026-03-22T16:51:54.950818Z,benchmarking-metrics-redis-1,0.29,10.04,7836.67,0.13,182.00,127.00
2026-03-22T16:51:54.950818Z,benchmarking-kafka-1,1.51,1112.06,7836.67,14.20,87.80,71.60
2026-03-22T16:51:54.950818Z,benchmarking-stub-server-1,0.03,13.89,7836.67,0.18,0.24,0.00
2026-03-22T16:51:58.097166Z,benchmarking-orchestrator-run-2b5917e1ecf3,5.91,32.73,7836.67,0.42,0.03,2.60
2026-03-22T16:51:58.097166Z,benchmarking-kafka-consumer-19,39.49,36.39,7836.67,0.46,2.77,0.55
2026-03-22T16:51:58.097166Z,benchmarking-redis-1,0.21,10.87,7836.67,0.14,60.90,56.30
2026-03-22T16:51:58.097166Z,benchmarking-metrics-redis-1,1.53,10.16,7836.67,0.13,182.00,127.00
2026-03-22T16:51:58.097166Z,benchmarking-kafka-1,18.03,1117.18,7836.67,14.26,90.40,74.30
2026-03-22T16:51:58.097166Z,benchmarking-stub-server-1,0.01,13.89,7836.67,0.18,0.24,0.00
2026-03-22T16:52:01.171746Z,benchmarking-orchestrator-run-2b5917e1ecf3,0.05,32.73,7836.67,0.42,0.03,2.60
2026-03-22T16:52:01.171746Z,benchmarking-kafka-consumer-19,125.65,36.37,7836.67,0.46,4.26,6.31
2026-03-22T16:52:01.171746Z,benchmarking-redis-1,0.04,10.62,7836.67,0.14,60.90,56.30
2026-03-22T16:52:01.171746Z,benchmarking-metrics-redis-1,4.29,12.67,7836.67,0.16,187.00,128.00
2026-03-22T16:52:01.171746Z,benchmarking-kafka-1,23.53,1117.18,7836.67,14.26,91.80,75.00
2026-03-22T16:52:01.171746Z,benchmarking-stub-server-1,0.00,13.89,7836.67,0.18,0.24,0.00
2026-03-22T16:52:07.450381Z,benchmarking-orchestrator-run-e0adcdaa245c,0.31,32.30,7836.67,0.41,0.01,0.13
2026-03-22T16:52:07.450381Z,benchmarking-kafka-consumer-19,0.17,29.85,7836.67,0.38,0.02,0.01
2026-03-22T16:52:07.450381Z,benchmarking-redis-1,0.21,10.18,7836.67,0.13,60.90,56.30
2026-03-22T16:52:07.450381Z,benchmarking-metrics-redis-1,0.27,10.23,7836.67,0.13,188.00,132.00
2026-03-22T16:52:07.450381Z,benchmarking-kafka-1,1.80,1117.18,7836.67,14.25,92.40,75.40
2026-03-22T16:52:07.450381Z,benchmarking-stub-server-1,0.01,13.89,7836.67,0.18,0.24,0.00
2026-03-22T16:52:10.595834Z,benchmarking-orchestrator-run-e0adcdaa245c,0.41,32.30,7836.67,0.41,0.01,0.14
2026-03-22T16:52:10.595834Z,benchmarking-kafka-consumer-19,0.18,29.84,7836.67,0.38,0.02,0.01
2026-03-22T16:52:10.595834Z,benchmarking-redis-1,0.22,10.18,7836.67,0.13,60.90,56.30
2026-03-22T16:52:10.595834Z,benchmarking-metrics-redis-1,0.37,10.48,7836.67,0.13,188.00,132.00
2026-03-22T16:52:10.595834Z,benchmarking-kafka-1,1.89,1117.18,7836.67,14.25,92.40,75.40
2026-03-22T16:52:10.595834Z,benchmarking-stub-server-1,0.02,13.89,7836.67,0.18,0.24,0.00
2026-03-22T16:52:13.738846Z,benchmarking-orchestrator-run-e0adcdaa245c,0.38,32.30,7836.67,0.41,0.01,0.14
2026-03-22T16:52:13.738846Z,benchmarking-kafka-consumer-19,0.25,29.84,7836.67,0.38,0.02,0.01
2026-03-22T16:52:13.738846Z,benchmarking-redis-1,0.24,10.43,7836.67,0.13,60.90,56.30
2026-03-22T16:52:13.738846Z,benchmarking-metrics-redis-1,0.38,10.48,7836.67,0.13,188.00,132.00
2026-03-22T16:52:13.738846Z,benchmarking-kafka-1,1.66,1117.18,7836.67,14.25,92.40,75.40
2026-03-22T16:52:13.738846Z,benchmarking-stub-server-1,0.02,13.89,7836.67,0.18,0.24,0.00
2026-03-22T16:52:16.888380Z,benchmarking-orchestrator-run-e0adcdaa245c,0.28,32.30,7836.67,0.41,0.01,0.14
2026-03-22T16:52:16.888380Z,benchmarking-kafka-consumer-19,0.16,29.84,7836.67,0.38,0.02,0.01
2026-03-22T16:52:16.888380Z,benchmarking-redis-1,0.21,10.43,7836.67,0.13,60.90,56.30
2026-03-22T16:52:16.888380Z,benchmarking-metrics-redis-1,0.26,10.23,7836.67,0.13,188.00,132.00
2026-03-22T16:52:16.888380Z,benchmarking-kafka-1,4.56,1117.18,7836.67,14.25,92.40,75.40
2026-03-22T16:52:16.888380Z,benchmarking-stub-server-1,0.02,13.89,7836.67,0.18,0.24,0.00
2026-03-22T16:52:19.953009Z,benchmarking-orchestrator-run-e0adcdaa245c,0.38,32.30,7836.67,0.41,0.01,0.14
2026-03-22T16:52:19.953009Z,benchmarking-kafka-consumer-19,0.23,29.84,7836.67,0.38,0.02,0.01
2026-03-22T16:52:19.953009Z,benchmarking-redis-1,0.22,10.43,7836.67,0.13,60.90,56.30
2026-03-22T16:52:19.953009Z,benchmarking-metrics-redis-1,0.37,10.23,7836.67,0.13,188.00,132.00
2026-03-22T16:52:19.953009Z,benchmarking-kafka-1,3.35,1117.18,7836.67,14.25,92.40,75.40
2026-03-22T16:52:19.953009Z,benchmarking-stub-server-1,0.02,13.89,7836.67,0.18,0.24,0.00
2026-03-22T16:52:23.101188Z,benchmarking-orchestrator-run-e0adcdaa245c,0.40,32.30,7836.67,0.41,0.01,0.15
2026-03-22T16:52:23.101188Z,benchmarking-kafka-consumer-19,0.24,29.84,7836.67,0.38,0.02,0.01
2026-03-22T16:52:23.101188Z,benchmarking-redis-1,0.25,10.18,7836.67,0.13,60.90,56.30
2026-03-22T16:52:23.101188Z,benchmarking-metrics-redis-1,0.41,10.49,7836.67,0.13,188.00,132.00
2026-03-22T16:52:23.101188Z,benchmarking-kafka-1,1.94,1117.18,7836.67,14.26,92.40,75.40
2026-03-22T16:52:23.101188Z,benchmarking-stub-server-1,0.03,13.89,7836.67,0.18,0.24,0.00
2026-03-22T16:52:26.241876Z,benchmarking-orchestrator-run-e0adcdaa245c,0.40,32.30,7836.67,0.41,0.01,0.15
2026-03-22T16:52:26.241876Z,benchmarking-kafka-consumer-19,0.18,29.84,7836.67,0.38,0.02,0.01
2026-03-22T16:52:26.241876Z,benchmarking-redis-1,0.20,10.18,7836.67,0.13,60.90,56.30
2026-03-22T16:52:26.241876Z,benchmarking-metrics-redis-1,0.34,10.48,7836.67,0.13,188.00,132.00
2026-03-22T16:52:26.241876Z,benchmarking-kafka-1,1.78,1117.18,7836.67,14.25,92.40,75.40
2026-03-22T16:52:26.241876Z,benchmarking-stub-server-1,0.02,13.89,7836.67,0.18,0.24,0.00
2026-03-22T16:52:29.300634Z,benchmarking-orchestrator-run-e0adcdaa245c,0.38,32.30,7836.67,0.41,0.01,0.15
2026-03-22T16:52:29.300634Z,benchmarking-kafka-consumer-19,0.22,29.84,7836.67,0.38,0.02,0.01
2026-03-22T16:52:29.300634Z,benchmarking-redis-1,0.23,10.18,7836.67,0.13,60.90,56.30
2026-03-22T16:52:29.300634Z,benchmarking-metrics-redis-1,0.38,10.23,7836.67,0.13,188.00,132.00
2026-03-22T16:52:29.300634Z,benchmarking-kafka-1,1.77,1117.18,7836.67,14.26,92.40,75.40
2026-03-22T16:52:29.300634Z,benchmarking-stub-server-1,0.02,13.89,7836.67,0.18,0.24,0.00
2026-03-22T16:52:32.445936Z,benchmarking-orchestrator-run-e0adcdaa245c,0.34,32.30,7836.67,0.41,0.01,0.16
2026-03-22T16:52:32.445936Z,benchmarking-kafka-consumer-19,0.21,29.84,7836.67,0.38,0.02,0.01
2026-03-22T16:52:32.445936Z,benchmarking-redis-1,0.26,10.18,7836.67,0.13,60.90,56.30
2026-03-22T16:52:32.445936Z,benchmarking-metrics-redis-1,0.34,10.23,7836.67,0.13,188.00,132.00
2026-03-22T16:52:32.445936Z,benchmarking-kafka-1,1.94,1117.18,7836.67,14.25,92.40,75.40
2026-03-22T16:52:32.445936Z,benchmarking-stub-server-1,0.02,13.89,7836.67,0.18,0.24,0.00
2026-03-22T16:52:35.589579Z,benchmarking-orchestrator-run-e0adcdaa245c,0.38,32.30,7836.67,0.41,0.01,0.16
2026-03-22T16:52:35.589579Z,benchmarking-kafka-consumer-19,0.21,29.84,7836.67,0.38,0.02,0.01
2026-03-22T16:52:35.589579Z,benchmarking-redis-1,0.23,10.43,7836.67,0.13,60.90,56.30
2026-03-22T16:52:35.589579Z,benchmarking-metrics-redis-1,0.38,10.24,7836.67,0.13,188.00,132.00
2026-03-22T16:52:35.589579Z,benchmarking-kafka-1,1.72,1117.18,7836.67,14.25,92.40,75.40
2026-03-22T16:52:35.589579Z,benchmarking-stub-server-1,0.02,13.89,7836.67,0.18,0.24,0.00
2026-03-22T16:52:38.659524Z,benchmarking-orchestrator-run-e0adcdaa245c,0.33,32.30,7836.67,0.41,0.02,0.16
2026-03-22T16:52:38.659524Z,benchmarking-kafka-consumer-19,0.18,29.84,7836.67,0.38,0.02,0.01
2026-03-22T16:52:38.659524Z,benchmarking-redis-1,0.22,10.18,7836.67,0.13,60.90,56.30
2026-03-22T16:52:38.659524Z,benchmarking-metrics-redis-1,0.37,10.49,7836.67,0.13,188.00,132.00
2026-03-22T16:52:38.659524Z,benchmarking-kafka-1,1.87,1117.18,7836.67,14.26,92.40,75.40
2026-03-22T16:52:38.659524Z,benchmarking-stub-server-1,0.02,13.89,7836.67,0.18,0.24,0.00
2026-03-22T16:52:41.756890Z,benchmarking-orchestrator-run-e0adcdaa245c,0.34,32.30,7836.67,0.41,0.02,0.16
2026-03-22T16:52:41.756890Z,benchmarking-kafka-consumer-19,0.18,29.84,7836.67,0.38,0.02,0.01
2026-03-22T16:52:41.756890Z,benchmarking-redis-1,0.24,10.43,7836.67,0.13,60.90,56.30
2026-03-22T16:52:41.756890Z,benchmarking-metrics-redis-1,0.35,10.74,7836.67,0.14,188.00,132.00
2026-03-22T16:52:41.756890Z,benchmarking-kafka-1,1.61,1117.18,7836.67,14.25,92.40,75.40
2026-03-22T16:52:41.756890Z,benchmarking-stub-server-1,0.03,13.89,7836.67,0.18,0.24,0.00
2026-03-22T16:52:44.903229Z,benchmarking-orchestrator-run-e0adcdaa245c,0.44,32.30,7836.67,0.41,0.02,0.17
2026-03-22T16:52:44.903229Z,benchmarking-kafka-consumer-19,0.19,29.84,7836.67,0.38,0.02,0.01
2026-03-22T16:52:44.903229Z,benchmarking-redis-1,0.23,10.43,7836.67,0.13,60.90,56.30
2026-03-22T16:52:44.903229Z,benchmarking-metrics-redis-1,0.40,10.49,7836.67,0.13,188.00,132.00
2026-03-22T16:52:44.903229Z,benchmarking-kafka-1,1.73,1117.18,7836.67,14.25,92.40,75.40
2026-03-22T16:52:44.903229Z,benchmarking-stub-server-1,0.03,13.89,7836.67,0.18,0.24,0.00
2026-03-22T16:52:48.039003Z,benchmarking-orchestrator-run-e0adcdaa245c,4.02,32.80,7836.67,0.42,0.04,2.62
2026-03-22T16:52:48.039003Z,benchmarking-kafka-consumer-19,66.70,36.29,7836.67,0.46,2.87,0.96
2026-03-22T16:52:48.039003Z,benchmarking-redis-1,0.14,10.18,7836.67,0.13,60.90,56.30
2026-03-22T16:52:48.039003Z,benchmarking-metrics-redis-1,2.43,10.36,7836.67,0.13,189.00,132.00
2026-03-22T16:52:48.039003Z,benchmarking-kafka-1,19.06,1121.28,7836.67,14.31,95.20,78.10
2026-03-22T16:52:48.039003Z,benchmarking-stub-server-1,0.02,13.89,7836.67,0.18,0.24,0.00
2026-03-22T16:52:51.116583Z,benchmarking-orchestrator-run-e0adcdaa245c,0.05,32.80,7836.67,0.42,0.04,2.63
2026-03-22T16:52:51.116583Z,benchmarking-kafka-consumer-19,125.79,36.55,7836.67,0.47,4.36,6.71
2026-03-22T16:52:51.116583Z,benchmarking-redis-1,0.04,10.18,7836.67,0.13,60.90,56.30
2026-03-22T16:52:51.116583Z,benchmarking-metrics-redis-1,4.18,12.73,7836.67,0.16,193.00,133.00
2026-03-22T16:52:51.116583Z,benchmarking-kafka-1,23.31,1120.26,7836.67,14.29,96.50,78.80
2026-03-22T16:52:51.116583Z,benchmarking-stub-server-1,0.00,13.89,7836.67,0.18,0.24,0.00
2026-03-22T16:52:57.351500Z,benchmarking-orchestrator-run-0aa02e99e249,0.38,32.30,7836.67,0.41,0.01,0.13
2026-03-22T16:52:57.351500Z,benchmarking-kafka-consumer-19,0.19,29.88,7836.67,0.38,0.02,0.01
2026-03-22T16:52:57.351500Z,benchmarking-redis-1,0.23,10.18,7836.67,0.13,60.90,56.30
2026-03-22T16:52:57.351500Z,benchmarking-metrics-redis-1,0.32,10.48,7836.67,0.13,195.00,137.00
2026-03-22T16:52:57.351500Z,benchmarking-kafka-1,2.41,1119.23,7836.67,14.28,97.10,79.10
2026-03-22T16:52:57.351500Z,benchmarking-stub-server-1,0.02,13.89,7836.67,0.18,0.25,0.00
2026-03-22T16:53:00.491617Z,benchmarking-orchestrator-run-0aa02e99e249,0.38,32.30,7836.67,0.41,0.01,0.14
2026-03-22T16:53:00.491617Z,benchmarking-kafka-consumer-19,0.19,29.87,7836.67,0.38,0.02,0.01
2026-03-22T16:53:00.491617Z,benchmarking-redis-1,0.27,10.68,7836.67,0.14,60.90,56.30
2026-03-22T16:53:00.491617Z,benchmarking-metrics-redis-1,0.36,10.49,7836.67,0.13,195.00,137.00
2026-03-22T16:53:00.491617Z,benchmarking-kafka-1,1.80,1119.23,7836.67,14.28,97.10,79.10
2026-03-22T16:53:00.491617Z,benchmarking-stub-server-1,0.02,13.89,7836.67,0.18,0.25,0.00
2026-03-22T16:53:03.633422Z,benchmarking-orchestrator-run-0aa02e99e249,0.32,32.30,7836.67,0.41,0.01,0.14
2026-03-22T16:53:03.633422Z,benchmarking-kafka-consumer-19,0.18,29.87,7836.67,0.38,0.02,0.01
2026-03-22T16:53:03.633422Z,benchmarking-redis-1,0.21,10.18,7836.67,0.13,60.90,56.30
2026-03-22T16:53:03.633422Z,benchmarking-metrics-redis-1,0.31,10.48,7836.67,0.13,195.00,137.00
2026-03-22T16:53:03.633422Z,benchmarking-kafka-1,1.98,1119.23,7836.67,14.29,97.10,79.10
2026-03-22T16:53:03.633422Z,benchmarking-stub-server-1,0.02,13.89,7836.67,0.18,0.25,0.00
2026-03-22T16:53:06.785097Z,benchmarking-orchestrator-run-0aa02e99e249,0.36,32.30,7836.67,0.41,0.01,0.14
2026-03-22T16:53:06.785097Z,benchmarking-kafka-consumer-19,0.14,29.87,7836.67,0.38,0.02,0.01
2026-03-22T16:53:06.785097Z,benchmarking-redis-1,0.18,10.18,7836.67,0.13,60.90,56.30
2026-03-22T16:53:06.785097Z,benchmarking-metrics-redis-1,0.30,10.23,7836.67,0.13,195.00,137.00
2026-03-22T16:53:06.785097Z,benchmarking-kafka-1,1.48,1115.14,7836.67,14.23,97.10,79.10
2026-03-22T16:53:06.785097Z,benchmarking-stub-server-1,0.02,13.89,7836.67,0.18,0.25,0.00
2026-03-22T16:53:09.850484Z,benchmarking-orchestrator-run-0aa02e99e249,0.40,32.30,7836.67,0.41,0.01,0.15
2026-03-22T16:53:09.850484Z,benchmarking-kafka-consumer-19,0.19,29.87,7836.67,0.38,0.02,0.01
2026-03-22T16:53:09.850484Z,benchmarking-redis-1,0.19,10.18,7836.67,0.13,60.90,56.30
2026-03-22T16:53:09.850484Z,benchmarking-metrics-redis-1,0.31,10.48,7836.67,0.13,195.00,137.00
2026-03-22T16:53:09.850484Z,benchmarking-kafka-1,1.57,1115.14,7836.67,14.23,97.10,79.10
2026-03-22T16:53:09.850484Z,benchmarking-stub-server-1,0.02,13.89,7836.67,0.18,0.25,0.00
2026-03-22T16:53:12.971688Z,benchmarking-orchestrator-run-0aa02e99e249,0.32,32.30,7836.67,0.41,0.01,0.15
2026-03-22T16:53:12.971688Z,benchmarking-kafka-consumer-19,0.19,29.87,7836.67,0.38,0.02,0.01
2026-03-22T16:53:12.971688Z,benchmarking-redis-1,0.15,10.18,7836.67,0.13,60.90,56.30
2026-03-22T16:53:12.971688Z,benchmarking-metrics-redis-1,0.29,10.74,7836.67,0.14,195.00,137.00
2026-03-22T16:53:12.971688Z,benchmarking-kafka-1,10.67,1115.14,7836.67,14.23,97.10,79.10
2026-03-22T16:53:12.971688Z,benchmarking-stub-server-1,0.03,13.89,7836.67,0.18,0.25,0.00
2026-03-22T16:53:16.104015Z,benchmarking-orchestrator-run-0aa02e99e249,0.37,32.30,7836.67,0.41,0.01,0.15
2026-03-22T16:53:16.104015Z,benchmarking-kafka-consumer-19,0.18,29.87,7836.67,0.38,0.02,0.01
2026-03-22T16:53:16.104015Z,benchmarking-redis-1,0.18,10.68,7836.67,0.14,60.90,56.30
2026-03-22T16:53:16.104015Z,benchmarking-metrics-redis-1,0.31,10.49,7836.67,0.13,195.00,137.00
2026-03-22T16:53:16.104015Z,benchmarking-kafka-1,1.63,1115.14,7836.67,14.23,97.10,79.10
2026-03-22T16:53:16.104015Z,benchmarking-stub-server-1,0.03,13.89,7836.67,0.18,0.25,0.00
2026-03-22T16:53:19.164408Z,benchmarking-orchestrator-run-0aa02e99e249,0.25,32.30,7836.67,0.41,0.01,0.15
2026-03-22T16:53:19.164408Z,benchmarking-kafka-consumer-19,0.15,29.87,7836.67,0.38,0.02,0.01
2026-03-22T16:53:19.164408Z,benchmarking-redis-1,0.16,10.18,7836.67,0.13,60.90,56.30
2026-03-22T16:53:19.164408Z,benchmarking-metrics-redis-1,0.26,10.48,7836.67,0.13,195.00,137.00
2026-03-22T16:53:19.164408Z,benchmarking-kafka-1,1.64,1115.14,7836.67,14.23,97.10,79.10
2026-03-22T16:53:19.164408Z,benchmarking-stub-server-1,0.02,13.89,7836.67,0.18,0.25,0.00
2026-03-22T16:53:22.312176Z,benchmarking-orchestrator-run-0aa02e99e249,0.43,32.30,7836.67,0.41,0.01,0.16
2026-03-22T16:53:22.312176Z,benchmarking-kafka-consumer-19,0.23,29.87,7836.67,0.38,0.02,0.01
2026-03-22T16:53:22.312176Z,benchmarking-redis-1,0.20,10.19,7836.67,0.13,60.90,56.30
2026-03-22T16:53:22.312176Z,benchmarking-metrics-redis-1,0.36,10.49,7836.67,0.13,195.00,137.00
2026-03-22T16:53:22.312176Z,benchmarking-kafka-1,2.36,1115.14,7836.67,14.24,97.10,79.10
2026-03-22T16:53:22.312176Z,benchmarking-stub-server-1,0.02,13.89,7836.67,0.18,0.25,0.00
2026-03-22T16:53:25.461540Z,benchmarking-orchestrator-run-0aa02e99e249,0.36,32.30,7836.67,0.41,0.01,0.16
2026-03-22T16:53:25.461540Z,benchmarking-kafka-consumer-19,0.19,29.87,7836.67,0.38,0.02,0.01
2026-03-22T16:53:25.461540Z,benchmarking-redis-1,0.20,10.43,7836.67,0.13,60.90,56.30
2026-03-22T16:53:25.461540Z,benchmarking-metrics-redis-1,0.29,10.23,7836.67,0.13,195.00,137.00
2026-03-22T16:53:25.461540Z,benchmarking-kafka-1,1.61,1115.14,7836.67,14.23,97.10,79.10
2026-03-22T16:53:25.461540Z,benchmarking-stub-server-1,0.02,13.89,7836.67,0.18,0.25,0.00
2026-03-22T16:53:28.523844Z,benchmarking-orchestrator-run-0aa02e99e249,0.44,32.30,7836.67,0.41,0.02,0.16
2026-03-22T16:53:28.523844Z,benchmarking-kafka-consumer-19,0.19,29.87,7836.67,0.38,0.02,0.01
2026-03-22T16:53:28.523844Z,benchmarking-redis-1,0.18,10.18,7836.67,0.13,60.90,56.30
2026-03-22T16:53:28.523844Z,benchmarking-metrics-redis-1,0.37,10.48,7836.67,0.13,195.00,137.00
2026-03-22T16:53:28.523844Z,benchmarking-kafka-1,1.77,1115.14,7836.67,14.23,97.10,79.10
2026-03-22T16:53:28.523844Z,benchmarking-stub-server-1,0.02,13.89,7836.67,0.18,0.25,0.00
2026-03-22T16:53:31.675223Z,benchmarking-orchestrator-run-0aa02e99e249,0.36,32.30,7836.67,0.41,0.02,0.16
2026-03-22T16:53:31.675223Z,benchmarking-kafka-consumer-19,0.21,29.87,7836.67,0.38,0.02,0.01
2026-03-22T16:53:31.675223Z,benchmarking-redis-1,0.24,10.18,7836.67,0.13,60.90,56.30
2026-03-22T16:53:31.675223Z,benchmarking-metrics-redis-1,0.33,10.48,7836.67,0.13,195.00,137.00
2026-03-22T16:53:31.675223Z,benchmarking-kafka-1,1.51,1115.14,7836.67,14.23,97.10,79.10
2026-03-22T16:53:31.675223Z,benchmarking-stub-server-1,0.03,13.89,7836.67,0.18,0.25,0.00
2026-03-22T16:53:34.812533Z,benchmarking-orchestrator-run-0aa02e99e249,0.30,32.30,7836.67,0.41,0.02,0.17
2026-03-22T16:53:34.812533Z,benchmarking-kafka-consumer-19,0.19,29.87,7836.67,0.38,0.02,0.01
2026-03-22T16:53:34.812533Z,benchmarking-redis-1,0.26,10.43,7836.67,0.13,60.90,56.30
2026-03-22T16:53:34.812533Z,benchmarking-metrics-redis-1,0.35,10.73,7836.67,0.14,195.00,137.00
2026-03-22T16:53:34.812533Z,benchmarking-kafka-1,1.71,1115.14,7836.67,14.23,97.10,79.10
2026-03-22T16:53:34.812533Z,benchmarking-stub-server-1,0.01,13.89,7836.67,0.18,0.25,0.00
2026-03-22T16:53:37.965406Z,benchmarking-orchestrator-run-0aa02e99e249,6.66,32.64,7836.67,0.42,0.04,2.63
2026-03-22T16:53:37.965406Z,benchmarking-kafka-consumer-19,75.65,36.38,7836.67,0.46,2.90,1.05
2026-03-22T16:53:37.965406Z,benchmarking-redis-1,0.11,10.18,7836.67,0.13,60.90,56.30
2026-03-22T16:53:37.965406Z,benchmarking-metrics-redis-1,3.07,10.36,7836.67,0.13,196.00,137.00
2026-03-22T16:53:37.965406Z,benchmarking-kafka-1,31.55,1120.26,7836.67,14.30,99.80,81.90
2026-03-22T16:53:37.965406Z,benchmarking-stub-server-1,0.01,13.89,7836.67,0.18,0.25,0.00
2026-03-22T16:53:41.068376Z,benchmarking-orchestrator-run-0aa02e99e249,0.05,32.64,7836.67,0.42,0.05,2.63
2026-03-22T16:53:41.068376Z,benchmarking-kafka-consumer-19,125.78,36.62,7836.67,0.47,4.40,6.84
2026-03-22T16:53:41.068376Z,benchmarking-redis-1,0.04,10.18,7836.67,0.13,60.90,56.30
2026-03-22T16:53:41.068376Z,benchmarking-metrics-redis-1,4.17,11.98,7836.67,0.15,199.00,137.00
2026-03-22T16:53:41.068376Z,benchmarking-kafka-1,23.28,1120.26,7836.67,14.29,101.00,82.60
2026-03-22T16:53:41.068376Z,benchmarking-stub-server-1,0.00,13.89,7836.67,0.18,0.25,0.00
2026-03-22T16:53:47.283673Z,benchmarking-orchestrator-run-1f28d7893746,0.06,31.71,7836.67,0.40,0.75,5.34
2026-03-22T16:53:47.283673Z,benchmarking-sidekiq-worker-9,97.90,26.46,7836.67,0.34,1.82,2.13
2026-03-22T16:53:47.283673Z,benchmarking-redis-1,2.60,13.66,7836.67,0.17,66.50,58.50
2026-03-22T16:53:47.283673Z,benchmarking-metrics-redis-1,2.60,10.56,7836.67,0.13,203.00,142.00
2026-03-22T16:53:47.283673Z,benchmarking-kafka-1,0.47,1119.23,7836.67,14.28,102.00,82.80
2026-03-22T16:53:47.283673Z,benchmarking-stub-server-1,0.00,13.89,7836.67,0.18,0.25,0.00
2026-03-22T16:53:50.361812Z,benchmarking-orchestrator-run-1f28d7893746,0.05,31.71,7836.67,0.40,0.75,5.34
2026-03-22T16:53:50.361812Z,benchmarking-sidekiq-worker-9,96.34,27.96,7836.67,0.36,3.86,4.53
2026-03-22T16:53:50.361812Z,benchmarking-redis-1,2.57,13.66,7836.67,0.17,66.80,59.70
2026-03-22T16:53:50.361812Z,benchmarking-metrics-redis-1,2.54,11.68,7836.67,0.15,205.00,142.00
2026-03-22T16:53:50.361812Z,benchmarking-kafka-1,0.35,1119.23,7836.67,14.28,102.00,82.80
2026-03-22T16:53:50.361812Z,benchmarking-stub-server-1,0.01,13.89,7836.67,0.18,0.25,0.00
2026-03-22T16:53:53.446517Z,benchmarking-orchestrator-run-1f28d7893746,0.06,31.71,7836.67,0.40,0.75,5.34
2026-03-22T16:53:53.446517Z,benchmarking-sidekiq-worker-9,97.03,27.70,7836.67,0.35,5.88,6.89
2026-03-22T16:53:53.446517Z,benchmarking-redis-1,2.51,13.91,7836.67,0.18,67.30,61.90
2026-03-22T16:53:53.446517Z,benchmarking-metrics-redis-1,3.09,12.76,7836.67,0.16,207.00,142.00
2026-03-22T16:53:53.446517Z,benchmarking-kafka-1,0.35,1119.23,7836.67,14.28,102.00,82.80
2026-03-22T16:53:53.446517Z,benchmarking-stub-server-1,0.01,13.89,7836.67,0.18,0.25,0.00
2026-03-22T16:53:59.561141Z,benchmarking-orchestrator-run-f2f29f56322c,0.05,31.70,7836.67,0.40,0.75,5.34
2026-03-22T16:53:59.561141Z,benchmarking-sidekiq-worker-9,94.95,27.79,7836.67,0.35,2.14,2.51
2026-03-22T16:53:59.561141Z,benchmarking-redis-1,2.38,13.68,7836.67,0.17,73.10,64.80
2026-03-22T16:53:59.561141Z,benchmarking-metrics-redis-1,2.46,10.68,7836.67,0.14,210.00,146.00
2026-03-22T16:53:59.561141Z,benchmarking-kafka-1,0.30,1115.14,7836.67,14.23,102.00,82.80
2026-03-22T16:53:59.561141Z,benchmarking-stub-server-1,0.01,13.89,7836.67,0.18,0.25,0.00
2026-03-22T16:54:02.655134Z,benchmarking-orchestrator-run-f2f29f56322c,0.05,31.70,7836.67,0.40,0.75,5.34
2026-03-22T16:54:02.655134Z,benchmarking-sidekiq-worker-9,96.85,26.59,7836.67,0.34,4.20,4.93
2026-03-22T16:54:02.655134Z,benchmarking-redis-1,2.42,13.68,7836.67,0.17,73.30,65.90
2026-03-22T16:54:02.655134Z,benchmarking-metrics-redis-1,2.48,11.80,7836.67,0.15,212.00,147.00
2026-03-22T16:54:02.655134Z,benchmarking-kafka-1,0.41,1115.14,7836.67,14.23,102.00,82.80
2026-03-22T16:54:02.655134Z,benchmarking-stub-server-1,0.00,13.89,7836.67,0.18,0.25,0.00
2026-03-22T16:54:05.753944Z,benchmarking-orchestrator-run-f2f29f56322c,0.05,31.70,7836.67,0.40,0.75,5.34
2026-03-22T16:54:05.753944Z,benchmarking-sidekiq-worker-9,96.83,27.33,7836.67,0.35,5.60,6.57
2026-03-22T16:54:05.753944Z,benchmarking-redis-1,2.45,12.55,7836.67,0.16,73.80,68.20
2026-03-22T16:54:05.753944Z,benchmarking-metrics-redis-1,2.54,12.91,7836.67,0.16,214.00,147.00
2026-03-22T16:54:05.753944Z,benchmarking-kafka-1,0.36,1115.14,7836.67,14.23,102.00,82.80
2026-03-22T16:54:05.753944Z,benchmarking-stub-server-1,0.00,13.89,7836.67,0.18,0.25,0.00
2026-03-22T16:54:08.825150Z,benchmarking-sidekiq-worker-9,0.00,0.00,0.00,0.00,0.00,0.00
2026-03-22T16:54:08.825150Z,benchmarking-redis-1,8.56,12.55,7836.67,0.16,75.80,68.90
2026-03-22T16:54:08.825150Z,benchmarking-metrics-redis-1,1.74,10.58,7836.67,0.14,214.00,150.00
2026-03-22T16:54:08.825150Z,benchmarking-kafka-1,0.49,1115.14,7836.67,14.23,102.00,82.80
2026-03-22T16:54:08.825150Z,benchmarking-stub-server-1,0.01,13.89,7836.67,0.18,0.25,0.00
2026-03-22T16:54:11.920609Z,benchmarking-orchestrator-run-c53e060bc550,0.06,31.72,7836.67,0.40,0.75,5.34
2026-03-22T16:54:11.920609Z,benchmarking-sidekiq-worker-9,92.40,27.50,7836.67,0.35,1.77,2.08
2026-03-22T16:54:11.920609Z,benchmarking-redis-1,2.52,13.91,7836.67,0.18,79.60,71.00
2026-03-22T16:54:11.920609Z,benchmarking-metrics-redis-1,2.53,10.84,7836.67,0.14,216.00,151.00
2026-03-22T16:54:11.920609Z,benchmarking-kafka-1,0.35,1115.14,7836.67,14.23,102.00,82.80
2026-03-22T16:54:11.920609Z,benchmarking-stub-server-1,0.00,13.89,7836.67,0.18,0.25,0.00
2026-03-22T16:54:15.018070Z,benchmarking-orchestrator-run-c53e060bc550,0.05,31.72,7836.67,0.40,0.75,5.34
2026-03-22T16:54:15.018070Z,benchmarking-sidekiq-worker-9,93.48,27.02,7836.67,0.34,4.48,5.25
2026-03-22T16:54:15.018070Z,benchmarking-redis-1,2.40,11.97,7836.67,0.15,80.00,72.70
2026-03-22T16:54:15.018070Z,benchmarking-metrics-redis-1,2.41,11.95,7836.67,0.15,218.00,151.00
2026-03-22T16:54:15.018070Z,benchmarking-kafka-1,0.32,1115.14,7836.67,14.23,102.00,82.80
2026-03-22T16:54:15.018070Z,benchmarking-stub-server-1,0.00,13.89,7836.67,0.18,0.25,0.00
2026-03-22T16:54:18.142976Z,benchmarking-orchestrator-run-c53e060bc550,0.06,31.73,7836.67,0.40,0.75,5.34
2026-03-22T16:54:18.142976Z,benchmarking-sidekiq-worker-9,75.74,26.54,7836.67,0.34,6.35,7.45
2026-03-22T16:54:18.142976Z,benchmarking-redis-1,2.01,11.96,7836.67,0.15,80.40,74.20
2026-03-22T16:54:18.142976Z,benchmarking-metrics-redis-1,2.02,13.20,7836.67,0.17,220.00,151.00
2026-03-22T16:54:18.142976Z,benchmarking-kafka-1,0.49,1115.14,7836.67,14.23,102.00,82.80
2026-03-22T16:54:18.142976Z,benchmarking-stub-server-1,0.01,13.89,7836.67,0.18,0.25,0.00
2026-03-22T16:54:21.236720Z,benchmarking-redis-1,0.19,11.95,7836.67,0.15,80.40,74.20
2026-03-22T16:54:21.236720Z,benchmarking-metrics-redis-1,0.29,10.29,7836.67,0.13,220.00,155.00
2026-03-22T16:54:21.236720Z,benchmarking-kafka-1,1.75,1115.14,7836.67,14.23,102.00,82.90
2026-03-22T16:54:21.236720Z,benchmarking-stub-server-1,0.00,13.89,7836.67,0.18,0.25,0.00
2026-03-22T16:54:24.402797Z,benchmarking-orchestrator-run-daf46414b303,0.51,32.30,7836.67,0.41,0.01,0.13
2026-03-22T16:54:24.402797Z,benchmarking-kafka-consumer-19,0.33,33.03,7836.67,0.42,0.03,0.02
2026-03-22T16:54:24.402797Z,benchmarking-redis-1,0.23,11.70,7836.67,0.15,80.40,74.20
2026-03-22T16:54:24.402797Z,benchmarking-metrics-redis-1,0.33,10.54,7836.67,0.13,220.00,155.00
2026-03-22T16:54:24.402797Z,benchmarking-kafka-1,1.51,1115.14,7836.67,14.23,102.00,82.90
2026-03-22T16:54:24.402797Z,benchmarking-stub-server-1,0.02,13.89,7836.67,0.18,0.25,0.00
2026-03-22T16:54:27.571494Z,benchmarking-orchestrator-run-daf46414b303,4.05,32.82,7836.67,0.42,0.03,2.59
2026-03-22T16:54:27.571494Z,benchmarking-kafka-consumer-19,57.59,40.60,7836.67,0.52,2.84,0.81
2026-03-22T16:54:27.571494Z,benchmarking-redis-1,0.28,10.51,7836.67,0.13,80.40,74.20
2026-03-22T16:54:27.571494Z,benchmarking-metrics-redis-1,2.13,10.44,7836.67,0.13,221.00,155.00
2026-03-22T16:54:27.571494Z,benchmarking-kafka-1,33.71,1120.26,7836.67,14.29,104.00,85.60
2026-03-22T16:54:27.571494Z,benchmarking-stub-server-1,0.01,13.89,7836.67,0.18,0.25,0.00
2026-03-22T16:54:30.667408Z,benchmarking-orchestrator-run-daf46414b303,0.05,32.82,7836.67,0.42,0.03,2.60
2026-03-22T16:54:30.667408Z,benchmarking-kafka-consumer-19,126.39,40.37,7836.67,0.52,4.34,6.59
2026-03-22T16:54:30.667408Z,benchmarking-redis-1,0.03,10.26,7836.67,0.13,80.40,74.20
2026-03-22T16:54:30.667408Z,benchmarking-metrics-redis-1,4.16,12.54,7836.67,0.16,225.00,156.00
2026-03-22T16:54:30.667408Z,benchmarking-kafka-1,23.23,1120.26,7836.67,14.30,106.00,86.30
2026-03-22T16:54:30.667408Z,benchmarking-stub-server-1,0.00,13.89,7836.67,0.18,0.25,0.00
2026-03-22T16:54:36.968856Z,benchmarking-orchestrator-run-74c2e35e0ee2,0.32,32.33,7836.67,0.41,0.01,0.13
2026-03-22T16:54:36.968856Z,benchmarking-kafka-consumer-19,0.32,33.15,7836.67,0.42,0.03,0.02
2026-03-22T16:54:36.968856Z,benchmarking-redis-1,0.28,10.51,7836.67,0.13,80.40,74.20
2026-03-22T16:54:36.968856Z,benchmarking-metrics-redis-1,0.29,10.26,7836.67,0.13,227.00,160.00
2026-03-22T16:54:36.968856Z,benchmarking-kafka-1,1.87,1120.26,7836.67,14.29,106.00,86.60
2026-03-22T16:54:36.968856Z,benchmarking-stub-server-1,0.02,13.89,7836.67,0.18,0.25,0.00
2026-03-22T16:54:40.028668Z,benchmarking-orchestrator-run-74c2e35e0ee2,0.42,32.32,7836.67,0.41,0.01,0.14
2026-03-22T16:54:40.028668Z,benchmarking-kafka-consumer-19,0.35,33.14,7836.67,0.42,0.03,0.02
2026-03-22T16:54:40.028668Z,benchmarking-redis-1,0.19,10.26,7836.67,0.13,80.40,74.20
2026-03-22T16:54:40.028668Z,benchmarking-metrics-redis-1,0.33,10.51,7836.67,0.13,227.00,160.00
2026-03-22T16:54:40.028668Z,benchmarking-kafka-1,1.55,1120.26,7836.67,14.29,106.00,86.60
2026-03-22T16:54:40.028668Z,benchmarking-stub-server-1,0.02,13.89,7836.67,0.18,0.25,0.00
2026-03-22T16:54:43.182454Z,benchmarking-orchestrator-run-74c2e35e0ee2,0.29,32.32,7836.67,0.41,0.01,0.14
2026-03-22T16:54:43.182454Z,benchmarking-kafka-consumer-19,0.27,33.14,7836.67,0.42,0.03,0.02
2026-03-22T16:54:43.182454Z,benchmarking-redis-1,0.17,10.51,7836.67,0.13,80.40,74.20
2026-03-22T16:54:43.182454Z,benchmarking-metrics-redis-1,0.24,10.51,7836.67,0.13,227.00,160.00
2026-03-22T16:54:43.182454Z,benchmarking-kafka-1,2.11,1120.26,7836.67,14.30,106.00,86.60
2026-03-22T16:54:43.182454Z,benchmarking-stub-server-1,0.01,13.89,7836.67,0.18,0.25,0.00
2026-03-22T16:54:46.332210Z,benchmarking-orchestrator-run-74c2e35e0ee2,0.41,32.32,7836.67,0.41,0.01,0.14
2026-03-22T16:54:46.332210Z,benchmarking-kafka-consumer-19,0.33,33.14,7836.67,0.42,0.03,0.02
2026-03-22T16:54:46.332210Z,benchmarking-redis-1,0.23,10.51,7836.67,0.13,80.40,74.20
2026-03-22T16:54:46.332210Z,benchmarking-metrics-redis-1,0.26,10.26,7836.67,0.13,227.00,160.00
2026-03-22T16:54:46.332210Z,benchmarking-kafka-1,1.45,1120.26,7836.67,14.29,106.00,86.60
2026-03-22T16:54:46.332210Z,benchmarking-stub-server-1,0.02,13.89,7836.67,0.18,0.25,0.00
2026-03-22T16:54:49.408389Z,benchmarking-orchestrator-run-74c2e35e0ee2,0.47,32.32,7836.67,0.41,0.01,0.15
2026-03-22T16:54:49.408389Z,benchmarking-kafka-consumer-19,0.40,33.14,7836.67,0.42,0.03,0.02
2026-03-22T16:54:49.408389Z,benchmarking-redis-1,0.26,10.26,7836.67,0.13,80.40,74.20
2026-03-22T16:54:49.408389Z,benchmarking-metrics-redis-1,0.38,10.27,7836.67,0.13,227.00,160.00
2026-03-22T16:54:49.408389Z,benchmarking-kafka-1,1.88,1120.26,7836.67,14.29,106.00,86.60
2026-03-22T16:54:49.408389Z,benchmarking-stub-server-1,0.03,13.89,7836.67,0.18,0.25,0.00
2026-03-22T16:54:52.572769Z,benchmarking-orchestrator-run-74c2e35e0ee2,0.40,32.32,7836.67,0.41,0.01,0.15
2026-03-22T16:54:52.572769Z,benchmarking-kafka-consumer-19,0.38,33.14,7836.67,0.42,0.03,0.02
2026-03-22T16:54:52.572769Z,benchmarking-redis-1,0.23,10.26,7836.67,0.13,80.40,74.20
2026-03-22T16:54:52.572769Z,benchmarking-metrics-redis-1,0.39,10.51,7836.67,0.13,227.00,160.00
2026-03-22T16:54:52.572769Z,benchmarking-kafka-1,1.68,1120.26,7836.67,14.29,106.00,86.60
2026-03-22T16:54:52.572769Z,benchmarking-stub-server-1,0.02,13.89,7836.67,0.18,0.25,0.00
2026-03-22T16:54:55.723278Z,benchmarking-orchestrator-run-74c2e35e0ee2,0.32,32.32,7836.67,0.41,0.01,0.15
2026-03-22T16:54:55.723278Z,benchmarking-kafka-consumer-19,0.34,33.14,7836.67,0.42,0.03,0.02
2026-03-22T16:54:55.723278Z,benchmarking-redis-1,0.23,10.26,7836.67,0.13,80.40,74.20
2026-03-22T16:54:55.723278Z,benchmarking-metrics-redis-1,0.32,10.51,7836.67,0.13,227.00,160.00
2026-03-22T16:54:55.723278Z,benchmarking-kafka-1,1.75,1120.26,7836.67,14.29,106.00,86.60
2026-03-22T16:54:55.723278Z,benchmarking-stub-server-1,0.04,13.89,7836.67,0.18,0.25,0.00
2026-03-22T16:54:58.793379Z,benchmarking-orchestrator-run-74c2e35e0ee2,0.27,32.32,7836.67,0.41,0.01,0.15
2026-03-22T16:54:58.793379Z,benchmarking-kafka-consumer-19,0.32,33.14,7836.67,0.42,0.03,0.02
2026-03-22T16:54:58.793379Z,benchmarking-redis-1,0.18,10.26,7836.67,0.13,80.40,74.20
2026-03-22T16:54:58.793379Z,benchmarking-metrics-redis-1,0.27,10.51,7836.67,0.13,227.00,160.00
2026-03-22T16:54:58.793379Z,benchmarking-kafka-1,1.73,1120.26,7836.67,14.29,106.00,86.60
2026-03-22T16:54:58.793379Z,benchmarking-stub-server-1,0.02,13.89,7836.67,0.18,0.25,0.00
2026-03-22T16:55:01.954303Z,benchmarking-orchestrator-run-74c2e35e0ee2,0.41,32.32,7836.67,0.41,0.01,0.16
2026-03-22T16:55:01.954303Z,benchmarking-kafka-consumer-19,0.35,33.14,7836.67,0.42,0.03,0.02
2026-03-22T16:55:01.954303Z,benchmarking-redis-1,0.19,10.51,7836.67,0.13,80.40,74.20
2026-03-22T16:55:01.954303Z,benchmarking-metrics-redis-1,0.36,10.76,7836.67,0.14,227.00,160.00
2026-03-22T16:55:01.954303Z,benchmarking-kafka-1,1.56,1120.26,7836.67,14.29,106.00,86.60
2026-03-22T16:55:01.954303Z,benchmarking-stub-server-1,0.02,13.89,7836.67,0.18,0.25,0.00
2026-03-22T16:55:05.110153Z,benchmarking-orchestrator-run-74c2e35e0ee2,0.35,32.32,7836.67,0.41,0.01,0.16
2026-03-22T16:55:05.110153Z,benchmarking-kafka-consumer-19,0.38,33.14,7836.67,0.42,0.03,0.02
2026-03-22T16:55:05.110153Z,benchmarking-redis-1,0.26,10.76,7836.67,0.14,80.40,74.20
2026-03-22T16:55:05.110153Z,benchmarking-metrics-redis-1,0.35,10.26,7836.67,0.13,227.00,160.00
2026-03-22T16:55:05.110153Z,benchmarking-kafka-1,1.64,1120.26,7836.67,14.29,106.00,86.60
2026-03-22T16:55:05.110153Z,benchmarking-stub-server-1,0.03,13.89,7836.67,0.18,0.25,0.00
2026-03-22T16:55:08.261007Z,benchmarking-orchestrator-run-74c2e35e0ee2,0.27,32.32,7836.67,0.41,0.02,0.16
2026-03-22T16:55:08.261007Z,benchmarking-kafka-consumer-19,0.30,33.14,7836.67,0.42,0.03,0.02
2026-03-22T16:55:08.261007Z,benchmarking-redis-1,0.20,10.26,7836.67,0.13,80.40,74.20
2026-03-22T16:55:08.261007Z,benchmarking-metrics-redis-1,0.26,10.26,7836.67,0.13,227.00,160.00
2026-03-22T16:55:08.261007Z,benchmarking-kafka-1,1.71,1120.26,7836.67,14.29,106.00,86.60
2026-03-22T16:55:08.261007Z,benchmarking-stub-server-1,0.02,13.89,7836.67,0.18,0.25,0.00
2026-03-22T16:55:11.414752Z,benchmarking-orchestrator-run-74c2e35e0ee2,0.37,32.32,7836.67,0.41,0.02,0.16
2026-03-22T16:55:11.414752Z,benchmarking-kafka-consumer-19,0.35,33.14,7836.67,0.42,0.03,0.02
2026-03-22T16:55:11.414752Z,benchmarking-redis-1,0.22,10.51,7836.67,0.13,80.40,74.20
2026-03-22T16:55:11.414752Z,benchmarking-metrics-redis-1,0.29,10.26,7836.67,0.13,227.00,160.00
2026-03-22T16:55:11.414752Z,benchmarking-kafka-1,1.83,1120.26,7836.67,14.29,106.00,86.60
2026-03-22T16:55:11.414752Z,benchmarking-stub-server-1,0.02,13.89,7836.67,0.18,0.25,0.00
2026-03-22T16:55:14.575993Z,benchmarking-orchestrator-run-74c2e35e0ee2,0.38,32.32,7836.67,0.41,0.02,0.17
2026-03-22T16:55:14.575993Z,benchmarking-kafka-consumer-19,0.32,33.14,7836.67,0.42,0.03,0.02
2026-03-22T16:55:14.575993Z,benchmarking-redis-1,0.23,10.26,7836.67,0.13,80.40,74.20
2026-03-22T16:55:14.575993Z,benchmarking-metrics-redis-1,0.28,10.26,7836.67,0.13,227.00,160.00
2026-03-22T16:55:14.575993Z,benchmarking-kafka-1,1.38,1120.26,7836.67,14.30,106.00,86.60
2026-03-22T16:55:14.575993Z,benchmarking-stub-server-1,0.02,13.89,7836.67,0.18,0.25,0.00
2026-03-22T16:55:17.723669Z,benchmarking-orchestrator-run-74c2e35e0ee2,4.20,32.80,7836.67,0.42,0.04,2.62
2026-03-22T16:55:17.723669Z,benchmarking-kafka-consumer-19,104.24,40.46,7836.67,0.52,3.02,1.50
2026-03-22T16:55:17.723669Z,benchmarking-redis-1,0.08,10.26,7836.67,0.13,80.40,74.20
2026-03-22T16:55:17.723669Z,benchmarking-metrics-redis-1,3.47,10.76,7836.67,0.14,228.00,160.00
2026-03-22T16:55:17.723669Z,benchmarking-kafka-1,36.83,1124.35,7836.67,14.35,109.00,89.50
2026-03-22T16:55:17.723669Z,benchmarking-stub-server-1,0.02,13.89,7836.67,0.18,0.25,0.00
2026-03-22T16:55:20.825298Z,benchmarking-orchestrator-run-74c2e35e0ee2,0.05,32.80,7836.67,0.42,0.04,2.63
2026-03-22T16:55:20.825298Z,benchmarking-kafka-consumer-19,126.34,41.19,7836.67,0.53,4.52,7.30
2026-03-22T16:55:20.825298Z,benchmarking-redis-1,0.03,10.26,7836.67,0.13,80.40,74.20
2026-03-22T16:55:20.825298Z,benchmarking-metrics-redis-1,4.19,12.95,7836.67,0.17,232.00,161.00
2026-03-22T16:55:20.825298Z,benchmarking-kafka-1,24.10,1120.26,7836.67,14.30,110.00,89.90
2026-03-22T16:55:20.825298Z,benchmarking-stub-server-1,0.00,13.89,7836.67,0.18,0.25,0.00
2026-03-22T16:55:27.074438Z,benchmarking-orchestrator-run-9e57f01fa6da,0.27,32.29,7836.67,0.41,0.01,0.13
2026-03-22T16:55:27.074438Z,benchmarking-kafka-consumer-19,0.31,33.05,7836.67,0.42,0.03,0.02
2026-03-22T16:55:27.074438Z,benchmarking-redis-1,0.19,10.51,7836.67,0.13,80.40,74.20
2026-03-22T16:55:27.074438Z,benchmarking-metrics-redis-1,0.29,10.26,7836.67,0.13,233.00,164.00
2026-03-22T16:55:27.074438Z,benchmarking-kafka-1,1.80,1120.26,7836.67,14.30,111.00,90.40
2026-03-22T16:55:27.074438Z,benchmarking-stub-server-1,0.01,13.89,7836.67,0.18,0.26,0.00
2026-03-22T16:55:30.131550Z,benchmarking-orchestrator-run-9e57f01fa6da,0.36,32.29,7836.67,0.41,0.01,0.14
2026-03-22T16:55:30.131550Z,benchmarking-kafka-consumer-19,0.36,33.04,7836.67,0.42,0.03,0.02
2026-03-22T16:55:30.131550Z,benchmarking-redis-1,0.22,10.51,7836.67,0.13,80.40,74.20
2026-03-22T16:55:30.131550Z,benchmarking-metrics-redis-1,0.30,10.26,7836.67,0.13,233.00,164.00
2026-03-22T16:55:30.131550Z,benchmarking-kafka-1,1.41,1120.26,7836.67,14.29,111.00,90.40
2026-03-22T16:55:30.131550Z,benchmarking-stub-server-1,0.02,13.89,7836.67,0.18,0.26,0.00
2026-03-22T16:55:33.283616Z,benchmarking-orchestrator-run-9e57f01fa6da,0.36,32.29,7836.67,0.41,0.01,0.14
2026-03-22T16:55:33.283616Z,benchmarking-kafka-consumer-19,0.38,33.04,7836.67,0.42,0.03,0.02
2026-03-22T16:55:33.283616Z,benchmarking-redis-1,0.24,10.76,7836.67,0.14,80.40,74.20
2026-03-22T16:55:33.283616Z,benchmarking-metrics-redis-1,0.31,10.51,7836.67,0.13,233.00,164.00
2026-03-22T16:55:33.283616Z,benchmarking-kafka-1,2.86,1120.26,7836.67,14.29,111.00,90.40
2026-03-22T16:55:33.283616Z,benchmarking-stub-server-1,0.03,13.89,7836.67,0.18,0.26,0.00
2026-03-22T16:55:36.420030Z,benchmarking-orchestrator-run-9e57f01fa6da,0.33,32.29,7836.67,0.41,0.01,0.14
2026-03-22T16:55:36.420030Z,benchmarking-kafka-consumer-19,0.33,33.04,7836.67,0.42,0.03,0.02
2026-03-22T16:55:36.420030Z,benchmarking-redis-1,0.19,10.26,7836.67,0.13,80.40,74.20
2026-03-22T16:55:36.420030Z,benchmarking-metrics-redis-1,0.24,10.51,7836.67,0.13,233.00,164.00
2026-03-22T16:55:36.420030Z,benchmarking-kafka-1,1.25,1116.16,7836.67,14.24,111.00,90.40
2026-03-22T16:55:36.420030Z,benchmarking-stub-server-1,0.01,13.89,7836.67,0.18,0.26,0.00
2026-03-22T16:55:39.485126Z,benchmarking-orchestrator-run-9e57f01fa6da,0.36,32.29,7836.67,0.41,0.01,0.15
2026-03-22T16:55:39.485126Z,benchmarking-kafka-consumer-19,0.32,33.04,7836.67,0.42,0.03,0.02
2026-03-22T16:55:39.485126Z,benchmarking-redis-1,0.23,10.26,7836.67,0.13,80.40,74.20
2026-03-22T16:55:39.485126Z,benchmarking-metrics-redis-1,0.28,10.51,7836.67,0.13,233.00,164.00
2026-03-22T16:55:39.485126Z,benchmarking-kafka-1,2.31,1116.16,7836.67,14.24,111.00,90.40
2026-03-22T16:55:39.485126Z,benchmarking-stub-server-1,0.02,13.89,7836.67,0.18,0.26,0.00
2026-03-22T16:55:42.631130Z,benchmarking-orchestrator-run-9e57f01fa6da,0.30,32.29,7836.67,0.41,0.01,0.15
2026-03-22T16:55:42.631130Z,benchmarking-kafka-consumer-19,0.32,33.04,7836.67,0.42,0.03,0.02
2026-03-22T16:55:42.631130Z,benchmarking-redis-1,0.17,10.76,7836.67,0.14,80.40,74.20
2026-03-22T16:55:42.631130Z,benchmarking-metrics-redis-1,0.22,10.26,7836.67,0.13,233.00,164.00
2026-03-22T16:55:42.631130Z,benchmarking-kafka-1,1.78,1116.16,7836.67,14.24,111.00,90.40
2026-03-22T16:55:42.631130Z,benchmarking-stub-server-1,0.05,13.89,7836.67,0.18,0.26,0.00
2026-03-22T16:55:45.776599Z,benchmarking-orchestrator-run-9e57f01fa6da,0.36,32.29,7836.67,0.41,0.01,0.15
2026-03-22T16:55:45.776599Z,benchmarking-kafka-consumer-19,0.30,33.04,7836.67,0.42,0.03,0.02
2026-03-22T16:55:45.776599Z,benchmarking-redis-1,0.19,10.26,7836.67,0.13,80.40,74.20
2026-03-22T16:55:45.776599Z,benchmarking-metrics-redis-1,0.28,10.26,7836.67,0.13,233.00,164.00
2026-03-22T16:55:45.776599Z,benchmarking-kafka-1,2.04,1116.16,7836.67,14.24,111.00,90.40
2026-03-22T16:55:45.776599Z,benchmarking-stub-server-1,0.03,13.89,7836.67,0.18,0.26,0.00
2026-03-22T16:55:48.845224Z,benchmarking-orchestrator-run-9e57f01fa6da,0.32,32.29,7836.67,0.41,0.01,0.15
2026-03-22T16:55:48.845224Z,benchmarking-kafka-consumer-19,0.36,33.04,7836.67,0.42,0.03,0.02
2026-03-22T16:55:48.845224Z,benchmarking-redis-1,0.18,10.26,7836.67,0.13,80.40,74.20
2026-03-22T16:55:48.845224Z,benchmarking-metrics-redis-1,0.28,10.51,7836.67,0.13,233.00,164.00
2026-03-22T16:55:48.845224Z,benchmarking-kafka-1,1.54,1116.16,7836.67,14.24,111.00,90.40
2026-03-22T16:55:48.845224Z,benchmarking-stub-server-1,0.02,13.89,7836.67,0.18,0.26,0.00
2026-03-22T16:55:51.989713Z,benchmarking-orchestrator-run-9e57f01fa6da,0.40,32.29,7836.67,0.41,0.01,0.16
2026-03-22T16:55:51.989713Z,benchmarking-kafka-consumer-19,0.31,33.04,7836.67,0.42,0.03,0.02
2026-03-22T16:55:51.989713Z,benchmarking-redis-1,0.20,10.51,7836.67,0.13,80.40,74.20
2026-03-22T16:55:51.989713Z,benchmarking-metrics-redis-1,0.36,10.26,7836.67,0.13,233.00,164.00
2026-03-22T16:55:51.989713Z,benchmarking-kafka-1,1.98,1116.16,7836.67,14.24,111.00,90.40
2026-03-22T16:55:51.989713Z,benchmarking-stub-server-1,0.02,13.89,7836.67,0.18,0.26,0.00
2026-03-22T16:55:55.149847Z,benchmarking-orchestrator-run-9e57f01fa6da,0.36,32.29,7836.67,0.41,0.01,0.16
2026-03-22T16:55:55.149847Z,benchmarking-kafka-consumer-19,0.33,33.04,7836.67,0.42,0.03,0.02
2026-03-22T16:55:55.149847Z,benchmarking-redis-1,0.26,10.51,7836.67,0.13,80.40,74.20
2026-03-22T16:55:55.149847Z,benchmarking-metrics-redis-1,0.61,10.28,7836.67,0.13,233.00,164.00
2026-03-22T16:55:55.149847Z,benchmarking-kafka-1,1.68,1116.16,7836.67,14.24,111.00,90.40
2026-03-22T16:55:55.149847Z,benchmarking-stub-server-1,0.02,13.89,7836.67,0.18,0.26,0.00
2026-03-22T16:55:58.286778Z,benchmarking-orchestrator-run-9e57f01fa6da,0.34,32.29,7836.67,0.41,0.02,0.16
2026-03-22T16:55:58.286778Z,benchmarking-kafka-consumer-19,0.38,33.04,7836.67,0.42,0.03,0.02
2026-03-22T16:55:58.286778Z,benchmarking-redis-1,0.24,10.26,7836.67,0.13,80.40,74.20
2026-03-22T16:55:58.286778Z,benchmarking-metrics-redis-1,0.30,10.26,7836.67,0.13,233.00,164.00
2026-03-22T16:55:58.286778Z,benchmarking-kafka-1,1.74,1116.16,7836.67,14.24,111.00,90.40
2026-03-22T16:55:58.286778Z,benchmarking-stub-server-1,0.02,13.89,7836.67,0.18,0.26,0.00
2026-03-22T16:56:01.445792Z,benchmarking-orchestrator-run-9e57f01fa6da,0.32,32.29,7836.67,0.41,0.02,0.16
2026-03-22T16:56:01.445792Z,benchmarking-kafka-consumer-19,0.35,33.04,7836.67,0.42,0.03,0.02
2026-03-22T16:56:01.445792Z,benchmarking-redis-1,0.25,10.51,7836.67,0.13,80.40,74.20
2026-03-22T16:56:01.445792Z,benchmarking-metrics-redis-1,0.32,10.27,7836.67,0.13,233.00,164.00
2026-03-22T16:56:01.445792Z,benchmarking-kafka-1,1.61,1116.16,7836.67,14.24,111.00,90.40
2026-03-22T16:56:01.445792Z,benchmarking-stub-server-1,0.02,13.89,7836.67,0.18,0.26,0.00
2026-03-22T16:56:04.597987Z,benchmarking-orchestrator-run-9e57f01fa6da,0.38,32.29,7836.67,0.41,0.02,0.17
2026-03-22T16:56:04.597987Z,benchmarking-kafka-consumer-19,0.35,33.04,7836.67,0.42,0.03,0.02
2026-03-22T16:56:04.597987Z,benchmarking-redis-1,0.22,10.51,7836.67,0.13,80.40,74.20
2026-03-22T16:56:04.597987Z,benchmarking-metrics-redis-1,0.28,10.77,7836.67,0.14,233.00,164.00
2026-03-22T16:56:04.597987Z,benchmarking-kafka-1,1.62,1116.16,7836.67,14.24,111.00,90.40
2026-03-22T16:56:04.597987Z,benchmarking-stub-server-1,0.02,13.89,7836.67,0.18,0.26,0.00
2026-03-22T16:56:07.736105Z,benchmarking-orchestrator-run-9e57f01fa6da,4.07,32.82,7836.67,0.42,0.04,2.62
2026-03-22T16:56:07.736105Z,benchmarking-kafka-consumer-19,112.30,39.90,7836.67,0.51,3.12,1.88
2026-03-22T16:56:07.736105Z,benchmarking-redis-1,0.05,10.26,7836.67,0.13,80.40,74.20
2026-03-22T16:56:07.736105Z,benchmarking-metrics-redis-1,3.88,10.73,7836.67,0.14,235.00,165.00
2026-03-22T16:56:07.736105Z,benchmarking-kafka-1,24.19,1121.28,7836.67,14.31,114.00,93.30
2026-03-22T16:56:07.736105Z,benchmarking-stub-server-1,0.02,13.89,7836.67,0.18,0.26,0.00
2026-03-22T16:56:10.833274Z,benchmarking-orchestrator-run-9e57f01fa6da,0.05,32.82,7836.67,0.42,0.04,2.63
2026-03-22T16:56:10.833274Z,benchmarking-kafka-consumer-19,126.12,41.16,7836.67,0.53,4.62,7.68
2026-03-22T16:56:10.833274Z,benchmarking-redis-1,0.03,10.26,7836.67,0.13,80.40,74.20
2026-03-22T16:56:10.833274Z,benchmarking-metrics-redis-1,4.16,13.12,7836.67,0.17,239.00,165.00
2026-03-22T16:56:10.833274Z,benchmarking-kafka-1,23.20,1120.26,7836.67,14.30,115.00,94.00
2026-03-22T16:56:10.833274Z,benchmarking-stub-server-1,0.00,13.89,7836.67,0.18,0.26,0.00
2026-03-22T16:56:17.023061Z,benchmarking-orchestrator-run-72d5a90420c8,0.06,31.72,7836.67,0.40,0.75,5.34
2026-03-22T16:56:17.023061Z,benchmarking-sidekiq-worker-9,95.72,29.72,7836.67,0.38,2.10,2.46
2026-03-22T16:56:17.023061Z,benchmarking-redis-1,2.48,13.68,7836.67,0.17,86.10,76.70
2026-03-22T16:56:17.023061Z,benchmarking-metrics-redis-1,2.53,10.66,7836.67,0.14,242.00,169.00
2026-03-22T16:56:17.023061Z,benchmarking-kafka-1,0.43,1120.26,7836.67,14.29,115.00,94.10
2026-03-22T16:56:17.023061Z,benchmarking-stub-server-1,0.01,13.89,7836.67,0.18,0.26,0.00
2026-03-22T16:56:20.036857Z,benchmarking-orchestrator-run-72d5a90420c8,0.06,31.72,7836.67,0.40,0.75,5.34
2026-03-22T16:56:20.036857Z,benchmarking-sidekiq-worker-9,96.78,30.07,7836.67,0.38,4.04,4.74
2026-03-22T16:56:20.036857Z,benchmarking-redis-1,2.48,13.68,7836.67,0.17,86.40,78.30
2026-03-22T16:56:20.036857Z,benchmarking-metrics-redis-1,2.53,11.72,7836.67,0.15,244.00,170.00
2026-03-22T16:56:20.036857Z,benchmarking-kafka-1,1.94,1120.26,7836.67,14.29,115.00,94.10
2026-03-22T16:56:20.036857Z,benchmarking-stub-server-1,0.01,13.89,7836.67,0.18,0.26,0.00
2026-03-22T16:56:23.133461Z,benchmarking-orchestrator-run-72d5a90420c8,0.06,31.72,7836.67,0.40,0.75,5.34
2026-03-22T16:56:23.133461Z,benchmarking-sidekiq-worker-9,97.51,29.38,7836.67,0.37,6.05,7.09
2026-03-22T16:56:23.133461Z,benchmarking-redis-1,2.42,13.93,7836.67,0.18,86.80,80.00
2026-03-22T16:56:23.133461Z,benchmarking-metrics-redis-1,2.46,12.80,7836.67,0.16,246.00,170.00
2026-03-22T16:56:23.133461Z,benchmarking-kafka-1,0.71,1115.14,7836.67,14.24,115.00,94.10
2026-03-22T16:56:23.133461Z,benchmarking-stub-server-1,0.00,13.89,7836.67,0.18,0.26,0.00
2026-03-22T16:56:29.243404Z,benchmarking-orchestrator-run-d027868e05f5,0.08,31.74,7836.67,0.41,0.75,5.34
2026-03-22T16:56:29.243404Z,benchmarking-sidekiq-worker-9,97.39,29.12,7836.67,0.37,2.21,2.60
2026-03-22T16:56:29.243404Z,benchmarking-redis-1,2.46,13.99,7836.67,0.18,92.60,82.80
2026-03-22T16:56:29.243404Z,benchmarking-metrics-redis-1,2.53,10.73,7836.67,0.14,248.00,174.00
2026-03-22T16:56:29.243404Z,benchmarking-kafka-1,0.36,1115.14,7836.67,14.24,115.00,94.10
2026-03-22T16:56:29.243404Z,benchmarking-stub-server-1,0.01,13.89,7836.67,0.18,0.26,0.00
2026-03-22T16:56:32.332868Z,benchmarking-orchestrator-run-d027868e05f5,0.06,31.73,7836.67,0.40,0.75,5.34
2026-03-22T16:56:32.332868Z,benchmarking-sidekiq-worker-9,95.38,29.85,7836.67,0.38,4.18,4.91
2026-03-22T16:56:32.332868Z,benchmarking-redis-1,2.38,13.99,7836.67,0.18,93.00,84.40
2026-03-22T16:56:32.332868Z,benchmarking-metrics-redis-1,2.42,12.03,7836.67,0.15,250.00,174.00
2026-03-22T16:56:32.332868Z,benchmarking-kafka-1,0.38,1115.14,7836.67,14.24,115.00,94.10
2026-03-22T16:56:32.332868Z,benchmarking-stub-server-1,0.00,13.89,7836.67,0.18,0.26,0.00
2026-03-22T16:56:35.422751Z,benchmarking-orchestrator-run-d027868e05f5,0.06,31.73,7836.67,0.40,0.75,5.34
2026-03-22T16:56:35.422751Z,benchmarking-sidekiq-worker-9,96.81,30.18,7836.67,0.39,6.18,7.25
2026-03-22T16:56:35.422751Z,benchmarking-redis-1,2.35,13.61,7836.67,0.17,93.30,86.10
2026-03-22T16:56:35.422751Z,benchmarking-metrics-redis-1,2.44,13.10,7836.67,0.17,252.00,175.00
2026-03-22T16:56:35.422751Z,benchmarking-kafka-1,0.36,1115.14,7836.67,14.24,115.00,94.10
2026-03-22T16:56:35.422751Z,benchmarking-stub-server-1,0.00,13.89,7836.67,0.18,0.26,0.00
2026-03-22T16:56:41.533837Z,benchmarking-orchestrator-run-142a61ef6663,0.06,31.72,7836.67,0.40,0.75,5.34
2026-03-22T16:56:41.533837Z,benchmarking-sidekiq-worker-9,96.86,30.41,7836.67,0.39,2.26,2.66
2026-03-22T16:56:41.533837Z,benchmarking-redis-1,2.28,13.99,7836.67,0.18,99.00,88.30
2026-03-22T16:56:41.533837Z,benchmarking-metrics-redis-1,2.44,10.76,7836.67,0.14,255.00,179.00
2026-03-22T16:56:41.533837Z,benchmarking-kafka-1,0.38,1115.14,7836.67,14.24,115.00,94.10
2026-03-22T16:56:41.533837Z,benchmarking-stub-server-1,0.01,13.89,7836.67,0.18,0.26,0.00
2026-03-22T16:56:44.630618Z,benchmarking-orchestrator-run-142a61ef6663,0.05,31.71,7836.67,0.40,0.75,5.34
2026-03-22T16:56:44.630618Z,benchmarking-sidekiq-worker-9,96.70,29.00,7836.67,0.37,4.23,4.96
2026-03-22T16:56:44.630618Z,benchmarking-redis-1,2.43,13.74,7836.67,0.18,99.50,90.50
2026-03-22T16:56:44.630618Z,benchmarking-metrics-redis-1,2.43,11.82,7836.67,0.15,257.00,179.00
2026-03-22T16:56:44.630618Z,benchmarking-kafka-1,0.35,1115.14,7836.67,14.24,115.00,94.10
2026-03-22T16:56:44.630618Z,benchmarking-stub-server-1,0.01,13.89,7836.67,0.18,0.26,0.00
2026-03-22T16:56:47.716517Z,benchmarking-orchestrator-run-142a61ef6663,0.06,31.71,7836.67,0.40,0.75,5.34
2026-03-22T16:56:47.716517Z,benchmarking-sidekiq-worker-9,96.81,29.31,7836.67,0.37,6.18,7.25
2026-03-22T16:56:47.716517Z,benchmarking-redis-1,2.36,13.74,7836.67,0.18,99.80,92.10
2026-03-22T16:56:47.716517Z,benchmarking-metrics-redis-1,2.40,12.87,7836.67,0.16,258.00,179.00
2026-03-22T16:56:47.716517Z,benchmarking-kafka-1,0.45,1115.14,7836.67,14.24,115.00,94.10
2026-03-22T16:56:47.716517Z,benchmarking-stub-server-1,0.01,13.89,7836.67,0.18,0.26,0.00
2026-03-22T16:56:50.821126Z,benchmarking-orchestrator-run-142a61ef6663,0.00,0.00,0.00,0.00,0.00,0.00
2026-03-22T16:56:50.821126Z,benchmarking-sidekiq-worker-9,0.00,0.00,0.00,0.00,0.00,0.00
2026-03-22T16:56:50.821126Z,benchmarking-redis-1,0.14,13.70,7836.67,0.17,99.90,92.20
2026-03-22T16:56:50.821126Z,benchmarking-metrics-redis-1,0.17,10.54,7836.67,0.13,259.00,183.00
2026-03-22T16:56:50.821126Z,benchmarking-kafka-1,4.42,1117.18,7836.67,14.25,116.00,94.20
2026-03-22T16:56:50.821126Z,benchmarking-stub-server-1,0.01,13.89,7836.67,0.18,0.26,0.00
2026-03-22T16:56:53.948283Z,benchmarking-orchestrator-run-c2f6a81d2fc6,0.34,32.32,7836.67,0.41,0.01,0.14
2026-03-22T16:56:53.948283Z,benchmarking-kafka-consumer-19,0.61,39.63,7836.67,0.51,0.07,0.04
2026-03-22T16:56:53.948283Z,benchmarking-redis-1,0.28,10.64,7836.67,0.14,99.90,92.20
2026-03-22T16:56:53.948283Z,benchmarking-metrics-redis-1,0.29,10.54,7836.67,0.13,259.00,183.00
2026-03-22T16:56:53.948283Z,benchmarking-kafka-1,1.61,1116.16,7836.67,14.24,116.00,94.20
2026-03-22T16:56:53.948283Z,benchmarking-stub-server-1,0.02,13.89,7836.67,0.18,0.26,0.00
2026-03-22T16:56:57.094741Z,benchmarking-orchestrator-run-c2f6a81d2fc6,7.84,32.65,7836.67,0.42,0.04,2.60
2026-03-22T16:56:57.094741Z,benchmarking-kafka-consumer-19,58.50,49.02,7836.67,0.63,2.91,0.86
2026-03-22T16:56:57.094741Z,benchmarking-redis-1,0.08,10.64,7836.67,0.14,99.90,92.20
2026-03-22T16:56:57.094741Z,benchmarking-metrics-redis-1,2.18,10.62,7836.67,0.14,259.00,183.00
2026-03-22T16:56:57.094741Z,benchmarking-kafka-1,18.97,1120.26,7836.67,14.30,118.00,97.00
2026-03-22T16:56:57.094741Z,benchmarking-stub-server-1,0.02,13.89,7836.67,0.18,0.26,0.00
2026-03-22T16:57:00.112594Z,benchmarking-orchestrator-run-c2f6a81d2fc6,0.06,32.65,7836.67,0.42,0.04,2.61
2026-03-22T16:57:00.112594Z,benchmarking-kafka-consumer-19,126.47,48.04,7836.67,0.61,4.35,6.43
2026-03-22T16:57:00.112594Z,benchmarking-redis-1,0.04,10.64,7836.67,0.14,99.90,92.20
2026-03-22T16:57:00.112594Z,benchmarking-metrics-redis-1,4.26,12.83,7836.67,0.16,264.00,184.00
2026-03-22T16:57:00.112594Z,benchmarking-kafka-1,23.77,1121.28,7836.67,14.30,120.00,97.70
2026-03-22T16:57:00.112594Z,benchmarking-stub-server-1,0.00,13.89,7836.67,0.18,0.26,0.00
2026-03-22T16:57:06.412719Z,benchmarking-orchestrator-run-47a6c44a3bf3,0.31,32.30,7836.67,0.41,0.01,0.13
2026-03-22T16:57:06.412719Z,benchmarking-kafka-consumer-19,0.52,39.68,7836.67,0.51,0.07,0.04
2026-03-22T16:57:06.412719Z,benchmarking-redis-1,0.23,10.64,7836.67,0.14,99.90,92.20
2026-03-22T16:57:06.412719Z,benchmarking-metrics-redis-1,0.30,10.12,7836.67,0.13,265.00,187.00
2026-03-22T16:57:06.412719Z,benchmarking-kafka-1,1.73,1122.30,7836.67,14.32,120.00,98.00
2026-03-22T16:57:06.412719Z,benchmarking-stub-server-1,0.03,13.89,7836.67,0.18,0.27,0.00
2026-03-22T16:57:09.469669Z,benchmarking-orchestrator-run-47a6c44a3bf3,0.15,32.31,7836.67,0.41,0.01,0.14
2026-03-22T16:57:09.469669Z,benchmarking-kafka-consumer-19,0.35,39.68,7836.67,0.51,0.07,0.04
2026-03-22T16:57:09.469669Z,benchmarking-redis-1,0.10,10.89,7836.67,0.14,99.90,92.20
2026-03-22T16:57:09.469669Z,benchmarking-metrics-redis-1,0.14,10.12,7836.67,0.13,265.00,187.00
2026-03-22T16:57:09.469669Z,benchmarking-kafka-1,1.02,1122.30,7836.67,14.33,120.00,98.00
2026-03-22T16:57:09.469669Z,benchmarking-stub-server-1,0.01,13.89,7836.67,0.18,0.27,0.00
2026-03-22T16:57:12.579798Z,benchmarking-orchestrator-run-47a6c44a3bf3,0.15,32.30,7836.67,0.41,0.01,0.14
2026-03-22T16:57:12.579798Z,benchmarking-kafka-consumer-19,0.31,39.68,7836.67,0.51,0.07,0.04
2026-03-22T16:57:12.579798Z,benchmarking-redis-1,0.11,10.64,7836.67,0.14,99.90,92.20
2026-03-22T16:57:12.579798Z,benchmarking-metrics-redis-1,0.16,10.38,7836.67,0.13,265.00,187.00
2026-03-22T16:57:12.579798Z,benchmarking-kafka-1,1.01,1122.30,7836.67,14.33,120.00,98.00
2026-03-22T16:57:12.579798Z,benchmarking-stub-server-1,0.01,13.89,7836.67,0.18,0.27,0.00
2026-03-22T16:57:15.677083Z,benchmarking-orchestrator-run-47a6c44a3bf3,0.15,32.31,7836.67,0.41,0.01,0.14
2026-03-22T16:57:15.677083Z,benchmarking-kafka-consumer-19,0.53,39.68,7836.67,0.51,0.07,0.04
2026-03-22T16:57:15.677083Z,benchmarking-redis-1,0.17,10.89,7836.67,0.14,99.90,92.20
2026-03-22T16:57:15.677083Z,benchmarking-metrics-redis-1,0.23,10.38,7836.67,0.13,265.00,187.00
2026-03-22T16:57:15.677083Z,benchmarking-kafka-1,1.34,1122.30,7836.67,14.33,120.00,98.00
2026-03-22T16:57:15.677083Z,benchmarking-stub-server-1,0.01,13.89,7836.67,0.18,0.27,0.00
2026-03-22T16:57:18.731423Z,benchmarking-orchestrator-run-47a6c44a3bf3,0.20,32.31,7836.67,0.41,0.01,0.14
2026-03-22T16:57:18.731423Z,benchmarking-kafka-consumer-19,0.42,39.68,7836.67,0.51,0.07,0.04
2026-03-22T16:57:18.731423Z,benchmarking-redis-1,0.16,10.64,7836.67,0.14,99.90,92.20
2026-03-22T16:57:18.731423Z,benchmarking-metrics-redis-1,0.17,10.12,7836.67,0.13,265.00,187.00
2026-03-22T16:57:18.731423Z,benchmarking-kafka-1,0.90,1122.30,7836.67,14.32,120.00,98.00
2026-03-22T16:57:18.731423Z,benchmarking-stub-server-1,0.01,13.89,7836.67,0.18,0.27,0.00
2026-03-22T16:57:21.882731Z,benchmarking-orchestrator-run-47a6c44a3bf3,0.37,32.30,7836.67,0.41,0.01,0.15
2026-03-22T16:57:21.882731Z,benchmarking-kafka-consumer-19,0.77,39.68,7836.67,0.51,0.07,0.04
2026-03-22T16:57:21.882731Z,benchmarking-redis-1,0.25,10.89,7836.67,0.14,99.90,92.20
2026-03-22T16:57:21.882731Z,benchmarking-metrics-redis-1,0.40,10.12,7836.67,0.13,265.00,187.00
2026-03-22T16:57:21.882731Z,benchmarking-kafka-1,1.96,1122.30,7836.67,14.33,120.00,98.00
2026-03-22T16:57:21.882731Z,benchmarking-stub-server-1,0.02,13.89,7836.67,0.18,0.27,0.00
2026-03-22T16:57:25.051437Z,benchmarking-orchestrator-run-47a6c44a3bf3,0.33,32.30,7836.67,0.41,0.01,0.15
2026-03-22T16:57:25.051437Z,benchmarking-kafka-consumer-19,0.75,39.68,7836.67,0.51,0.07,0.04
2026-03-22T16:57:25.051437Z,benchmarking-redis-1,0.25,10.64,7836.67,0.14,99.90,92.20
2026-03-22T16:57:25.051437Z,benchmarking-metrics-redis-1,0.32,10.63,7836.67,0.14,265.00,187.00
2026-03-22T16:57:25.051437Z,benchmarking-kafka-1,1.61,1122.30,7836.67,14.32,120.00,98.00
2026-03-22T16:57:25.051437Z,benchmarking-stub-server-1,0.02,13.89,7836.67,0.18,0.27,0.00
2026-03-22T16:57:28.227573Z,benchmarking-orchestrator-run-47a6c44a3bf3,0.39,32.30,7836.67,0.41,0.01,0.15
2026-03-22T16:57:28.227573Z,benchmarking-kafka-consumer-19,0.75,39.68,7836.67,0.51,0.07,0.04
2026-03-22T16:57:28.227573Z,benchmarking-redis-1,0.25,10.64,7836.67,0.14,99.90,92.20
2026-03-22T16:57:28.227573Z,benchmarking-metrics-redis-1,0.35,10.38,7836.67,0.13,265.00,187.00
2026-03-22T16:57:28.227573Z,benchmarking-kafka-1,2.28,1122.30,7836.67,14.32,120.00,98.00
2026-03-22T16:57:28.227573Z,benchmarking-stub-server-1,0.01,13.89,7836.67,0.18,0.27,0.00
2026-03-22T16:57:31.390095Z,benchmarking-orchestrator-run-47a6c44a3bf3,0.37,32.31,7836.67,0.41,0.01,0.16
2026-03-22T16:57:31.390095Z,benchmarking-kafka-consumer-19,0.69,39.68,7836.67,0.51,0.07,0.04
2026-03-22T16:57:31.390095Z,benchmarking-redis-1,0.26,10.64,7836.67,0.14,99.90,92.20
2026-03-22T16:57:31.390095Z,benchmarking-metrics-redis-1,0.37,10.12,7836.67,0.13,265.00,187.00
2026-03-22T16:57:31.390095Z,benchmarking-kafka-1,2.05,1122.30,7836.67,14.33,120.00,98.00
2026-03-22T16:57:31.390095Z,benchmarking-stub-server-1,0.03,13.89,7836.67,0.18,0.27,0.00
2026-03-22T16:57:34.560372Z,benchmarking-orchestrator-run-47a6c44a3bf3,0.47,32.31,7836.67,0.41,0.01,0.16
2026-03-22T16:57:34.560372Z,benchmarking-kafka-consumer-19,0.79,39.68,7836.67,0.51,0.07,0.04
2026-03-22T16:57:34.560372Z,benchmarking-redis-1,0.27,10.64,7836.67,0.14,99.90,92.20
2026-03-22T16:57:34.560372Z,benchmarking-metrics-redis-1,0.36,10.12,7836.67,0.13,265.00,187.00
2026-03-22T16:57:34.560372Z,benchmarking-kafka-1,1.80,1122.30,7836.67,14.32,120.00,98.00
2026-03-22T16:57:34.560372Z,benchmarking-stub-server-1,0.02,13.89,7836.67,0.18,0.27,0.00
2026-03-22T16:57:37.725846Z,benchmarking-orchestrator-run-47a6c44a3bf3,0.41,32.30,7836.67,0.41,0.02,0.16
2026-03-22T16:57:37.725846Z,benchmarking-kafka-consumer-19,0.83,39.68,7836.67,0.51,0.07,0.04
2026-03-22T16:57:37.725846Z,benchmarking-redis-1,0.27,11.14,7836.67,0.14,99.90,92.20
2026-03-22T16:57:37.725846Z,benchmarking-metrics-redis-1,0.36,10.12,7836.67,0.13,265.00,187.00
2026-03-22T16:57:37.725846Z,benchmarking-kafka-1,2.36,1122.30,7836.67,14.32,120.00,98.00
2026-03-22T16:57:37.725846Z,benchmarking-stub-server-1,0.03,13.89,7836.67,0.18,0.27,0.00
2026-03-22T16:57:40.891524Z,benchmarking-orchestrator-run-47a6c44a3bf3,0.41,32.31,7836.67,0.41,0.02,0.16
2026-03-22T16:57:40.891524Z,benchmarking-kafka-consumer-19,0.78,39.68,7836.67,0.51,0.07,0.04
2026-03-22T16:57:40.891524Z,benchmarking-redis-1,0.28,10.89,7836.67,0.14,99.90,92.20
2026-03-22T16:57:40.891524Z,benchmarking-metrics-redis-1,0.37,10.12,7836.67,0.13,265.00,187.00
2026-03-22T16:57:40.891524Z,benchmarking-kafka-1,1.90,1122.30,7836.67,14.32,120.00,98.00
2026-03-22T16:57:40.891524Z,benchmarking-stub-server-1,0.02,13.89,7836.67,0.18,0.27,0.00
2026-03-22T16:57:44.054750Z,benchmarking-orchestrator-run-47a6c44a3bf3,0.32,32.31,7836.67,0.41,0.02,0.17
2026-03-22T16:57:44.054750Z,benchmarking-kafka-consumer-19,0.60,39.68,7836.67,0.51,0.07,0.04
2026-03-22T16:57:44.054750Z,benchmarking-redis-1,0.18,10.89,7836.67,0.14,99.90,92.20
2026-03-22T16:57:44.054750Z,benchmarking-metrics-redis-1,0.30,10.38,7836.67,0.13,265.00,187.00
2026-03-22T16:57:44.054750Z,benchmarking-kafka-1,7.52,1122.30,7836.67,14.32,120.00,98.00
2026-03-22T16:57:44.054750Z,benchmarking-stub-server-1,0.02,13.89,7836.67,0.18,0.27,0.00
2026-03-22T16:57:47.206011Z,benchmarking-orchestrator-run-47a6c44a3bf3,0.35,32.31,7836.67,0.41,0.02,0.17
2026-03-22T16:57:47.206011Z,benchmarking-kafka-consumer-19,86.10,49.58,7836.67,0.63,3.00,1.30
2026-03-22T16:57:47.206011Z,benchmarking-redis-1,0.06,10.64,7836.67,0.14,99.90,92.20
2026-03-22T16:57:47.206011Z,benchmarking-metrics-redis-1,3.01,10.52,7836.67,0.13,266.00,188.00
2026-03-22T16:57:47.206011Z,benchmarking-kafka-1,21.14,1127.42,7836.67,14.39,123.00,101.00
2026-03-22T16:57:47.206011Z,benchmarking-stub-server-1,0.00,13.89,7836.67,0.18,0.27,0.00
2026-03-22T16:57:50.224306Z,benchmarking-orchestrator-run-47a6c44a3bf3,0.05,32.71,7836.67,0.42,0.04,2.63
2026-03-22T16:57:50.224306Z,benchmarking-kafka-consumer-19,126.13,48.36,7836.67,0.62,4.47,6.91
2026-03-22T16:57:50.224306Z,benchmarking-redis-1,0.05,10.64,7836.67,0.14,99.90,92.20
2026-03-22T16:57:50.224306Z,benchmarking-metrics-redis-1,4.13,12.84,7836.67,0.16,270.00,188.00
2026-03-22T16:57:50.224306Z,benchmarking-kafka-1,23.60,1123.33,7836.67,14.33,124.00,102.00
2026-03-22T16:57:50.224306Z,benchmarking-stub-server-1,0.00,13.89,7836.67,0.18,0.27,0.00
2026-03-22T16:57:56.507661Z,benchmarking-orchestrator-run-359f6fc25083,0.34,32.32,7836.67,0.41,0.01,0.13
2026-03-22T16:57:56.507661Z,benchmarking-kafka-consumer-19,0.47,39.71,7836.67,0.51,0.07,0.04
2026-03-22T16:57:56.507661Z,benchmarking-redis-1,0.22,10.89,7836.67,0.14,99.90,92.20
2026-03-22T16:57:56.507661Z,benchmarking-metrics-redis-1,0.30,9.81,7836.67,0.13,272.00,192.00
2026-03-22T16:57:56.507661Z,benchmarking-kafka-1,1.89,1122.30,7836.67,14.33,125.00,102.00
2026-03-22T16:57:56.507661Z,benchmarking-stub-server-1,0.01,13.89,7836.67,0.18,0.27,0.00
2026-03-22T16:57:59.569036Z,benchmarking-orchestrator-run-359f6fc25083,0.41,32.32,7836.67,0.41,0.01,0.14
2026-03-22T16:57:59.569036Z,benchmarking-kafka-consumer-19,0.73,39.71,7836.67,0.51,0.07,0.04
2026-03-22T16:57:59.569036Z,benchmarking-redis-1,0.23,10.89,7836.67,0.14,99.90,92.20
2026-03-22T16:57:59.569036Z,benchmarking-metrics-redis-1,0.36,9.82,7836.67,0.13,272.00,192.00
2026-03-22T16:57:59.569036Z,benchmarking-kafka-1,1.61,1122.30,7836.67,14.33,125.00,102.00
2026-03-22T16:57:59.569036Z,benchmarking-stub-server-1,0.02,13.89,7836.67,0.18,0.27,0.00
2026-03-22T16:58:02.712836Z,benchmarking-orchestrator-run-359f6fc25083,0.31,32.32,7836.67,0.41,0.01,0.14
2026-03-22T16:58:02.712836Z,benchmarking-kafka-consumer-19,0.59,39.71,7836.67,0.51,0.07,0.04
2026-03-22T16:58:02.712836Z,benchmarking-redis-1,0.20,10.89,7836.67,0.14,99.90,92.20
2026-03-22T16:58:02.712836Z,benchmarking-metrics-redis-1,0.26,10.06,7836.67,0.13,272.00,192.00
2026-03-22T16:58:02.712836Z,benchmarking-kafka-1,1.57,1122.30,7836.67,14.33,125.00,102.00
2026-03-22T16:58:02.712836Z,benchmarking-stub-server-1,0.01,13.89,7836.67,0.18,0.27,0.00
2026-03-22T16:58:05.874449Z,benchmarking-orchestrator-run-359f6fc25083,0.35,32.32,7836.67,0.41,0.01,0.14
2026-03-22T16:58:05.874449Z,benchmarking-kafka-consumer-19,0.64,39.71,7836.67,0.51,0.07,0.04
2026-03-22T16:58:05.874449Z,benchmarking-redis-1,0.19,10.89,7836.67,0.14,99.90,92.20
2026-03-22T16:58:05.874449Z,benchmarking-metrics-redis-1,0.30,10.31,7836.67,0.13,272.00,192.00
2026-03-22T16:58:05.874449Z,benchmarking-kafka-1,1.58,1118.21,7836.67,14.27,125.00,102.00
2026-03-22T16:58:05.874449Z,benchmarking-stub-server-1,0.02,13.89,7836.67,0.18,0.27,0.00
2026-03-22T16:58:08.943061Z,benchmarking-orchestrator-run-359f6fc25083,0.30,32.32,7836.67,0.41,0.01,0.15
2026-03-22T16:58:08.943061Z,benchmarking-kafka-consumer-19,0.60,39.71,7836.67,0.51,0.07,0.04
2026-03-22T16:58:08.943061Z,benchmarking-redis-1,0.18,10.64,7836.67,0.14,99.90,92.20
2026-03-22T16:58:08.943061Z,benchmarking-metrics-redis-1,0.23,10.06,7836.67,0.13,272.00,192.00
2026-03-22T16:58:08.943061Z,benchmarking-kafka-1,1.28,1118.21,7836.67,14.27,125.00,102.00
2026-03-22T16:58:08.943061Z,benchmarking-stub-server-1,0.02,13.89,7836.67,0.18,0.27,0.00
2026-03-22T16:58:12.035596Z,benchmarking-orchestrator-run-359f6fc25083,0.18,32.32,7836.67,0.41,0.01,0.15
2026-03-22T16:58:12.035596Z,benchmarking-kafka-consumer-19,0.28,39.71,7836.67,0.51,0.07,0.04
2026-03-22T16:58:12.035596Z,benchmarking-redis-1,0.10,10.89,7836.67,0.14,99.90,92.20
2026-03-22T16:58:12.035596Z,benchmarking-metrics-redis-1,0.16,9.81,7836.67,0.13,272.00,192.00
2026-03-22T16:58:12.035596Z,benchmarking-kafka-1,0.88,1118.21,7836.67,14.27,125.00,102.00
2026-03-22T16:58:12.035596Z,benchmarking-stub-server-1,0.01,13.89,7836.67,0.18,0.27,0.00
2026-03-22T16:58:15.145072Z,benchmarking-orchestrator-run-359f6fc25083,0.15,32.32,7836.67,0.41,0.01,0.15
2026-03-22T16:58:15.145072Z,benchmarking-kafka-consumer-19,0.31,39.71,7836.67,0.51,0.07,0.04
2026-03-22T16:58:15.145072Z,benchmarking-redis-1,0.10,10.64,7836.67,0.14,99.90,92.20
2026-03-22T16:58:15.145072Z,benchmarking-metrics-redis-1,0.16,9.81,7836.67,0.13,272.00,192.00
2026-03-22T16:58:15.145072Z,benchmarking-kafka-1,0.65,1118.21,7836.67,14.27,125.00,102.00
2026-03-22T16:58:15.145072Z,benchmarking-stub-server-1,0.01,13.89,7836.67,0.18,0.27,0.00
2026-03-22T16:58:18.263469Z,benchmarking-orchestrator-run-359f6fc25083,0.19,32.32,7836.67,0.41,0.01,0.15
2026-03-22T16:58:18.263469Z,benchmarking-kafka-consumer-19,0.41,39.71,7836.67,0.51,0.07,0.04
2026-03-22T16:58:18.263469Z,benchmarking-redis-1,0.14,10.64,7836.67,0.14,99.90,92.20
2026-03-22T16:58:18.263469Z,benchmarking-metrics-redis-1,0.15,9.81,7836.67,0.13,272.00,192.00
2026-03-22T16:58:18.263469Z,benchmarking-kafka-1,0.92,1118.21,7836.67,14.27,125.00,102.00
2026-03-22T16:58:18.263469Z,benchmarking-stub-server-1,0.01,13.89,7836.67,0.18,0.27,0.00
2026-03-22T16:58:21.380688Z,benchmarking-orchestrator-run-359f6fc25083,0.37,32.32,7836.67,0.41,0.01,0.16
2026-03-22T16:58:21.380688Z,benchmarking-kafka-consumer-19,0.81,39.71,7836.67,0.51,0.07,0.04
2026-03-22T16:58:21.380688Z,benchmarking-redis-1,0.18,10.89,7836.67,0.14,99.90,92.20
2026-03-22T16:58:21.380688Z,benchmarking-metrics-redis-1,0.35,10.06,7836.67,0.13,272.00,192.00
2026-03-22T16:58:21.380688Z,benchmarking-kafka-1,1.86,1118.21,7836.67,14.27,125.00,102.00
2026-03-22T16:58:21.380688Z,benchmarking-stub-server-1,0.02,13.89,7836.67,0.18,0.27,0.00
2026-03-22T16:58:24.521533Z,benchmarking-orchestrator-run-359f6fc25083,0.34,32.32,7836.67,0.41,0.01,0.16
2026-03-22T16:58:24.521533Z,benchmarking-kafka-consumer-19,0.68,39.71,7836.67,0.51,0.07,0.04
2026-03-22T16:58:24.521533Z,benchmarking-redis-1,0.24,10.64,7836.67,0.14,99.90,92.20
2026-03-22T16:58:24.521533Z,benchmarking-metrics-redis-1,0.40,10.06,7836.67,0.13,272.00,192.00
2026-03-22T16:58:24.521533Z,benchmarking-kafka-1,1.57,1119.23,7836.67,14.28,125.00,102.00
2026-03-22T16:58:24.521533Z,benchmarking-stub-server-1,0.03,13.89,7836.67,0.18,0.27,0.00
2026-03-22T16:58:27.687662Z,benchmarking-orchestrator-run-359f6fc25083,0.40,32.32,7836.67,0.41,0.02,0.16
2026-03-22T16:58:27.687662Z,benchmarking-kafka-consumer-19,0.56,39.71,7836.67,0.51,0.07,0.04
2026-03-22T16:58:27.687662Z,benchmarking-redis-1,0.29,10.64,7836.67,0.14,99.90,92.20
2026-03-22T16:58:27.687662Z,benchmarking-metrics-redis-1,0.51,9.81,7836.67,0.13,272.00,192.00
2026-03-22T16:58:27.687662Z,benchmarking-kafka-1,4.28,1119.23,7836.67,14.28,125.00,102.00
2026-03-22T16:58:27.687662Z,benchmarking-stub-server-1,0.02,13.89,7836.67,0.18,0.27,0.00
2026-03-22T16:58:30.846049Z,benchmarking-orchestrator-run-359f6fc25083,0.27,32.32,7836.67,0.41,0.02,0.16
2026-03-22T16:58:30.846049Z,benchmarking-kafka-consumer-19,0.75,39.71,7836.67,0.51,0.07,0.04
2026-03-22T16:58:30.846049Z,benchmarking-redis-1,0.21,10.64,7836.67,0.14,99.90,92.20
2026-03-22T16:58:30.846049Z,benchmarking-metrics-redis-1,0.31,10.06,7836.67,0.13,272.00,192.00
2026-03-22T16:58:30.846049Z,benchmarking-kafka-1,1.84,1118.21,7836.67,14.27,125.00,102.00
2026-03-22T16:58:30.846049Z,benchmarking-stub-server-1,0.03,13.89,7836.67,0.18,0.27,0.00
2026-03-22T16:58:33.995748Z,benchmarking-orchestrator-run-359f6fc25083,0.39,32.32,7836.67,0.41,0.02,0.17
2026-03-22T16:58:33.995748Z,benchmarking-kafka-consumer-19,0.67,39.71,7836.67,0.51,0.07,0.04
2026-03-22T16:58:33.995748Z,benchmarking-redis-1,0.21,10.64,7836.67,0.14,99.90,92.20
2026-03-22T16:58:33.995748Z,benchmarking-metrics-redis-1,0.33,10.07,7836.67,0.13,272.00,192.00
2026-03-22T16:58:33.995748Z,benchmarking-kafka-1,2.10,1118.21,7836.67,14.27,125.00,102.00
2026-03-22T16:58:33.995748Z,benchmarking-stub-server-1,0.02,13.89,7836.67,0.18,0.27,0.00
2026-03-22T16:58:37.145550Z,benchmarking-orchestrator-run-359f6fc25083,6.06,32.69,7836.67,0.42,0.04,2.63
2026-03-22T16:58:37.145550Z,benchmarking-kafka-consumer-19,93.68,48.57,7836.67,0.62,3.02,1.37
2026-03-22T16:58:37.145550Z,benchmarking-redis-1,0.17,10.64,7836.67,0.14,99.90,92.20
2026-03-22T16:58:37.145550Z,benchmarking-metrics-redis-1,3.51,10.29,7836.67,0.13,273.00,192.00
2026-03-22T16:58:37.145550Z,benchmarking-kafka-1,23.29,1123.33,7836.67,14.33,128.00,105.00
2026-03-22T16:58:37.145550Z,benchmarking-stub-server-1,0.01,13.89,7836.67,0.18,0.27,0.00
2026-03-22T16:58:40.167074Z,benchmarking-orchestrator-run-359f6fc25083,0.06,32.69,7836.67,0.42,0.04,2.63
2026-03-22T16:58:40.167074Z,benchmarking-kafka-consumer-19,126.53,48.58,7836.67,0.62,4.46,6.87
2026-03-22T16:58:40.167074Z,benchmarking-redis-1,0.06,10.64,7836.67,0.14,99.90,92.20
2026-03-22T16:58:40.167074Z,benchmarking-metrics-redis-1,4.40,12.51,7836.67,0.16,277.00,193.00
2026-03-22T16:58:40.167074Z,benchmarking-kafka-1,23.87,1123.33,7836.67,14.34,129.00,105.00
2026-03-22T16:58:40.167074Z,benchmarking-stub-server-1,0.00,13.89,7836.67,0.18,0.27,0.00
2026-03-22T16:58:46.361124Z,benchmarking-orchestrator-run-48f442a8baa6,0.06,31.71,7836.67,0.40,0.75,5.34
2026-03-22T16:58:46.361124Z,benchmarking-sidekiq-worker-9,96.76,32.05,7836.67,0.41,1.19,1.39
2026-03-22T16:58:46.361124Z,benchmarking-redis-1,2.51,13.74,7836.67,0.18,106.00,94.50
2026-03-22T16:58:46.361124Z,benchmarking-metrics-redis-1,2.58,10.77,7836.67,0.14,280.00,197.00
2026-03-22T16:58:46.361124Z,benchmarking-kafka-1,0.43,1122.30,7836.67,14.32,130.00,106.00
2026-03-22T16:58:46.361124Z,benchmarking-stub-server-1,0.01,13.89,7836.67,0.18,0.28,0.00
2026-03-22T16:58:49.375156Z,benchmarking-orchestrator-run-48f442a8baa6,0.05,31.71,7836.67,0.40,0.75,5.34
2026-03-22T16:58:49.375156Z,benchmarking-sidekiq-worker-9,96.19,32.06,7836.67,0.41,3.76,4.40
2026-03-22T16:58:49.375156Z,benchmarking-redis-1,2.36,13.99,7836.67,0.18,106.00,96.10
2026-03-22T16:58:49.375156Z,benchmarking-metrics-redis-1,2.43,11.57,7836.67,0.15,282.00,198.00
2026-03-22T16:58:49.375156Z,benchmarking-kafka-1,0.34,1122.30,7836.67,14.32,130.00,106.00
2026-03-22T16:58:49.375156Z,benchmarking-stub-server-1,0.00,13.89,7836.67,0.18,0.28,0.00
2026-03-22T16:58:52.467510Z,benchmarking-orchestrator-run-48f442a8baa6,0.06,31.71,7836.67,0.40,0.75,5.34
2026-03-22T16:58:52.467510Z,benchmarking-sidekiq-worker-9,97.19,32.98,7836.67,0.42,5.74,6.73
2026-03-22T16:58:52.467510Z,benchmarking-redis-1,2.43,13.74,7836.67,0.18,106.00,97.70
2026-03-22T16:58:52.467510Z,benchmarking-metrics-redis-1,2.46,12.54,7836.67,0.16,283.00,198.00
2026-03-22T16:58:52.467510Z,benchmarking-kafka-1,0.46,1122.30,7836.67,14.32,130.00,106.00
2026-03-22T16:58:52.467510Z,benchmarking-stub-server-1,0.01,13.89,7836.67,0.18,0.28,0.00
2026-03-22T16:58:58.580096Z,benchmarking-orchestrator-run-40505bfac47b,0.06,31.72,7836.67,0.40,0.75,5.34
2026-03-22T16:58:58.580096Z,benchmarking-sidekiq-worker-9,97.46,31.89,7836.67,0.41,1.85,2.17
2026-03-22T16:58:58.580096Z,benchmarking-redis-1,2.39,14.33,7836.67,0.18,112.00,101.00
2026-03-22T16:58:58.580096Z,benchmarking-metrics-redis-1,2.67,10.54,7836.67,0.13,286.00,202.00
2026-03-22T16:58:58.580096Z,benchmarking-kafka-1,0.42,1118.21,7836.67,14.27,130.00,106.00
2026-03-22T16:58:58.580096Z,benchmarking-stub-server-1,0.01,13.89,7836.67,0.18,0.28,0.00
2026-03-22T16:59:01.673572Z,benchmarking-orchestrator-run-40505bfac47b,0.05,31.72,7836.67,0.40,0.75,5.34
2026-03-22T16:59:01.673572Z,benchmarking-sidekiq-worker-9,94.53,32.26,7836.67,0.41,3.81,4.47
2026-03-22T16:59:01.673572Z,benchmarking-redis-1,2.31,14.08,7836.67,0.18,112.00,102.00
2026-03-22T16:59:01.673572Z,benchmarking-metrics-redis-1,2.32,11.61,7836.67,0.15,288.00,202.00
2026-03-22T16:59:01.673572Z,benchmarking-kafka-1,0.34,1118.21,7836.67,14.27,130.00,106.00
2026-03-22T16:59:01.673572Z,benchmarking-stub-server-1,0.00,13.89,7836.67,0.18,0.28,0.00
2026-03-22T16:59:04.768093Z,benchmarking-orchestrator-run-40505bfac47b,0.05,31.72,7836.67,0.40,0.75,5.34
2026-03-22T16:59:04.768093Z,benchmarking-sidekiq-worker-9,97.52,32.90,7836.67,0.42,5.77,6.77
2026-03-22T16:59:04.768093Z,benchmarking-redis-1,2.36,11.71,7836.67,0.15,113.00,104.00
2026-03-22T16:59:04.768093Z,benchmarking-metrics-redis-1,2.41,12.31,7836.67,0.16,290.00,202.00
2026-03-22T16:59:04.768093Z,benchmarking-kafka-1,0.33,1118.21,7836.67,14.27,130.00,106.00
2026-03-22T16:59:04.768093Z,benchmarking-stub-server-1,0.01,13.89,7836.67,0.18,0.28,0.00
2026-03-22T16:59:10.962898Z,benchmarking-orchestrator-run-816ac808dc99,0.05,31.72,7836.67,0.40,0.75,5.34
2026-03-22T16:59:10.962898Z,benchmarking-sidekiq-worker-9,96.11,32.49,7836.67,0.41,1.85,2.17
2026-03-22T16:59:10.962898Z,benchmarking-redis-1,2.30,14.03,7836.67,0.18,119.00,107.00
2026-03-22T16:59:10.962898Z,benchmarking-metrics-redis-1,2.36,10.54,7836.67,0.13,293.00,206.00
2026-03-22T16:59:10.962898Z,benchmarking-kafka-1,0.36,1118.21,7836.67,14.27,130.00,106.00
2026-03-22T16:59:10.962898Z,benchmarking-stub-server-1,0.00,13.89,7836.67,0.18,0.28,0.00
2026-03-22T16:59:14.053795Z,benchmarking-orchestrator-run-816ac808dc99,0.06,31.71,7836.67,0.40,0.75,5.34
2026-03-22T16:59:14.053795Z,benchmarking-sidekiq-worker-9,96.70,32.10,7836.67,0.41,3.78,4.43
2026-03-22T16:59:14.053795Z,benchmarking-redis-1,2.29,13.71,7836.67,0.18,119.00,108.00
2026-03-22T16:59:14.053795Z,benchmarking-metrics-redis-1,2.32,11.59,7836.67,0.15,295.00,207.00
2026-03-22T16:59:14.053795Z,benchmarking-kafka-1,0.39,1118.21,7836.67,14.27,130.00,106.00
2026-03-22T16:59:14.053795Z,benchmarking-stub-server-1,0.01,13.89,7836.67,0.18,0.28,0.00
2026-03-22T16:59:17.149540Z,benchmarking-orchestrator-run-816ac808dc99,0.06,31.71,7836.67,0.40,0.75,5.34
2026-03-22T16:59:17.149540Z,benchmarking-sidekiq-worker-9,97.67,32.23,7836.67,0.41,5.71,6.69
2026-03-22T16:59:17.149540Z,benchmarking-redis-1,2.28,13.71,7836.67,0.18,119.00,109.00
2026-03-22T16:59:17.149540Z,benchmarking-metrics-redis-1,2.38,12.62,7836.67,0.16,297.00,207.00
2026-03-22T16:59:17.149540Z,benchmarking-kafka-1,0.44,1118.21,7836.67,14.27,130.00,106.00
2026-03-22T16:59:17.149540Z,benchmarking-stub-server-1,0.01,13.89,7836.67,0.18,0.28,0.00
